target,language,cached,file,time
linux,go,1,kernel,13266120
linux,go,1,rootfs,2540472
linux,go,1,kernel,14022634
linux,go,1,rootfs,2462459
linux,go,1,kernel,13186983
linux,go,1,rootfs,2427948
linux,go,1,kernel,14061130
linux,go,1,rootfs,2466987
linux,go,1,kernel,13760825
linux,go,1,rootfs,2459400
linux,go,1,kernel,19627716
linux,go,1,rootfs,2472818
linux,go,1,kernel,13458367
linux,go,1,rootfs,2562411
linux,go,1,kernel,14159894
linux,go,1,rootfs,2509579
linux,go,1,kernel,14109867
linux,go,1,rootfs,2517477
linux,go,1,kernel,13407236
linux,go,1,rootfs,2522885
linux,go,1,kernel,12392756
linux,go,1,rootfs,2552330
linux,go,1,kernel,13059939
linux,go,1,rootfs,2440192
linux,go,1,kernel,13059711
linux,go,1,rootfs,2492272
linux,go,1,kernel,13480471
linux,go,1,rootfs,2429979
linux,go,1,kernel,13757169
linux,go,1,rootfs,2640789
linux,go,1,kernel,13309448
linux,go,1,rootfs,2511846
linux,go,1,kernel,13269036
linux,go,1,rootfs,2584996
linux,go,1,kernel,13205368
linux,go,1,rootfs,2506388
linux,go,1,kernel,13002232
linux,go,1,rootfs,2447931
linux,go,1,kernel,13335690
linux,go,1,rootfs,2449522
linux,go,1,kernel,13072732
linux,go,1,rootfs,2476946
linux,go,1,kernel,13350369
linux,go,1,rootfs,2499952
linux,go,1,kernel,13266888
linux,go,1,rootfs,2515083
linux,go,1,kernel,13233067
linux,go,1,rootfs,2517689
linux,go,1,kernel,13602385
linux,go,1,rootfs,2447168
linux,go,1,kernel,13506694
linux,go,1,rootfs,2413567
linux,go,1,kernel,13856840
linux,go,1,rootfs,2490605
linux,go,1,kernel,13464376
linux,go,1,rootfs,2432343
linux,go,1,kernel,13210389
linux,go,1,rootfs,2640218
linux,go,1,kernel,13114292
linux,go,1,rootfs,2420037
linux,go,1,kernel,13090815
linux,go,1,rootfs,2409581
linux,go,1,kernel,13390640
linux,go,1,rootfs,2496347
linux,go,1,kernel,12829155
linux,go,1,rootfs,2460551
linux,go,1,kernel,13740642
linux,go,1,rootfs,2454677
linux,go,1,kernel,13378617
linux,go,1,rootfs,2515523
linux,go,1,kernel,14427131
linux,go,1,rootfs,2613642
linux,go,1,kernel,13723156
linux,go,1,rootfs,2519268
linux,go,1,kernel,14024900
linux,go,1,rootfs,2456982
linux,go,1,kernel,13282656
linux,go,1,rootfs,2511775
linux,go,1,kernel,13622290
linux,go,1,rootfs,2363101
linux,go,1,kernel,13346785
linux,go,1,rootfs,2489292
linux,go,1,kernel,13052223
linux,go,1,rootfs,2477079
linux,go,1,kernel,13114475
linux,go,1,rootfs,2003494
linux,go,1,kernel,12935093
linux,go,1,rootfs,2552797
linux,go,1,kernel,13231106
linux,go,1,rootfs,2497410
linux,go,1,kernel,13696964
linux,go,1,rootfs,2491797
linux,go,1,kernel,12502892
linux,go,1,rootfs,2433265
linux,go,1,kernel,13556956
linux,go,1,rootfs,2497640
linux,go,1,kernel,13434184
linux,go,1,rootfs,2557408
linux,go,1,kernel,13725004
linux,go,1,rootfs,2416246
linux,go,1,kernel,13203862
linux,go,1,rootfs,2467507
linux,go,1,kernel,13505311
linux,go,1,rootfs,2450314
linux,go,1,kernel,13862434
linux,go,1,rootfs,2473681
linux,go,1,kernel,13739690
linux,go,1,rootfs,2516252
linux,go,1,kernel,13375648
linux,go,1,rootfs,2529002
linux,go,1,kernel,13363806
linux,go,1,rootfs,2499279
linux,go,1,kernel,13072159
linux,go,1,rootfs,2539379
linux,go,1,kernel,13031242
linux,go,1,rootfs,2476620
linux,go,1,kernel,12717808
linux,go,1,rootfs,2432756
linux,go,1,kernel,13174836
linux,go,1,rootfs,2513953
linux,go,1,kernel,12901887
linux,go,1,rootfs,2517776
linux,go,1,kernel,13273350
linux,go,1,rootfs,2425068
linux,go,1,kernel,13397299
linux,go,1,rootfs,2411525
linux,go,1,kernel,13201815
linux,go,1,rootfs,2480041
linux,go,1,kernel,13724186
linux,go,1,rootfs,2522720
linux,go,1,kernel,14004661
linux,go,1,rootfs,2461431
linux,go,1,kernel,13468559
linux,go,1,rootfs,2471020
linux,go,1,kernel,13227750
linux,go,1,rootfs,2404150
linux,go,1,kernel,12412679
linux,go,1,rootfs,2450467
linux,go,1,kernel,13357359
linux,go,1,rootfs,2453298
linux,go,1,kernel,13348085
linux,go,1,rootfs,2469837
linux,go,1,kernel,13331894
linux,go,1,rootfs,2469500
linux,go,1,kernel,13578748
linux,go,1,rootfs,2525206
linux,go,1,kernel,12404280
linux,go,1,rootfs,2412721
linux,go,1,kernel,12913125
linux,go,1,rootfs,2517628
linux,go,1,kernel,11748533
linux,go,1,rootfs,2527422
linux,go,1,kernel,13345699
linux,go,1,rootfs,2530314
linux,go,1,kernel,12067937
linux,go,1,rootfs,2546180
linux,go,1,kernel,13215018
linux,go,1,rootfs,2450505
linux,go,1,kernel,12942771
linux,go,1,rootfs,2488174
linux,go,1,kernel,13321643
linux,go,1,rootfs,2500505
linux,go,1,kernel,13292450
linux,go,1,rootfs,2505046
linux,go,1,kernel,13368029
linux,go,1,rootfs,2406143
linux,go,1,kernel,13302268
linux,go,1,rootfs,2425429
linux,go,1,kernel,12932676
linux,go,1,rootfs,2464836
linux,go,1,kernel,12630227
linux,go,1,rootfs,2431436
linux,go,1,kernel,13038031
linux,go,1,rootfs,2467946
linux,go,1,kernel,13154099
linux,go,1,rootfs,2459592
linux,go,1,kernel,13543731
linux,go,1,rootfs,2047349
linux,go,1,kernel,12973845
linux,go,1,rootfs,2487299
linux,go,1,kernel,12935246
linux,go,1,rootfs,2421060
linux,go,1,kernel,13161053
linux,go,1,rootfs,2505937
linux,go,1,kernel,14096811
linux,go,1,rootfs,2108063
linux,go,1,kernel,13199840
linux,go,1,rootfs,2406792
linux,go,1,kernel,13236002
linux,go,1,rootfs,2493803
linux,go,1,kernel,13321170
linux,go,1,rootfs,2448817
linux,go,1,kernel,13836230
linux,go,1,rootfs,2548560
linux,go,1,kernel,13404343
linux,go,1,rootfs,2551087
linux,go,1,kernel,13235610
linux,go,1,rootfs,2479147
linux,go,1,kernel,12600604
linux,go,1,rootfs,2481240
linux,go,0,kernel,28004309
linux,go,0,rootfs,38410905
linux,go,0,kernel,26131249
linux,go,0,rootfs,37025972
linux,go,0,kernel,27172571
linux,go,0,rootfs,37868333
linux,go,0,kernel,36654423
linux,go,0,rootfs,39156956
linux,go,0,kernel,27119659
linux,go,0,rootfs,37230281
linux,go,0,kernel,26895659
linux,go,0,rootfs,39825572
linux,go,0,kernel,32674256
linux,go,0,rootfs,36149309
linux,go,0,kernel,26380438
linux,go,0,rootfs,39776037
linux,go,0,kernel,26543941
linux,go,0,rootfs,39365967
linux,go,0,kernel,28620663
linux,go,0,rootfs,40067584
linux,go,0,kernel,34131209
linux,go,0,rootfs,39000780
linux,go,0,kernel,26906389
linux,go,0,rootfs,39762645
linux,go,0,kernel,31343507
linux,go,0,rootfs,41253632
linux,go,0,kernel,27255269
linux,go,0,rootfs,36244849
linux,go,0,kernel,31397092
linux,go,0,rootfs,38047315
linux,go,0,kernel,39941489
linux,go,0,rootfs,27207850
linux,go,0,kernel,26717714
linux,go,0,rootfs,41497338
linux,go,0,kernel,27066283
linux,go,0,rootfs,39771120
linux,go,0,kernel,26474281
linux,go,0,rootfs,37725992
linux,go,0,kernel,26681771
linux,go,0,rootfs,38376003
linux,go,0,kernel,32742015
linux,go,0,rootfs,37087905
linux,go,0,kernel,26863125
linux,go,0,rootfs,32360574
linux,go,0,kernel,26607482
linux,go,0,rootfs,38291905
linux,go,0,kernel,26891729
linux,go,0,rootfs,35163214
linux,go,0,kernel,40404273
linux,go,0,rootfs,39384493
linux,go,0,kernel,27347758
linux,go,0,rootfs,40298379
linux,go,0,kernel,35441167
linux,go,0,rootfs,41739633
linux,go,0,kernel,27691710
linux,go,0,rootfs,41693004
linux,go,0,kernel,26483180
linux,go,0,rootfs,40795537
linux,go,0,kernel,33408764
linux,go,0,rootfs,33483485
linux,go,0,kernel,26523597
linux,go,0,rootfs,37675917
linux,go,0,kernel,26148114
linux,go,0,rootfs,38738782
linux,go,0,kernel,38760752
linux,go,0,rootfs,40347329
linux,go,0,kernel,27255359
linux,go,0,rootfs,30446245
linux,go,0,kernel,27590011
linux,go,0,rootfs,37761816
linux,go,0,kernel,31511813
linux,go,0,rootfs,39296181
linux,go,0,kernel,27724826
linux,go,0,rootfs,40228800
linux,go,0,kernel,26671403
linux,go,0,rootfs,41051796
linux,go,0,kernel,33287691
linux,go,0,rootfs,39816770
linux,go,0,kernel,29291301
linux,go,0,rootfs,39879446
linux,go,0,kernel,32800775
linux,go,0,rootfs,40434683
linux,go,0,kernel,26593460
linux,go,0,rootfs,38498837
linux,go,0,kernel,26442520
linux,go,0,rootfs,37015690
linux,go,0,kernel,35362409
linux,go,0,rootfs,40788761
linux,go,0,kernel,31574802
linux,go,0,rootfs,40890090
linux,go,0,kernel,31956673
linux,go,0,rootfs,40269468
linux,go,0,kernel,30874883
linux,go,0,rootfs,40313682
linux,go,0,kernel,30040940
linux,go,0,rootfs,42258676
linux,go,0,kernel,26361397
linux,go,0,rootfs,40523172
linux,go,0,kernel,42381637
linux,go,0,rootfs,36231716
linux,go,0,kernel,27333226
linux,go,0,rootfs,39449099
linux,go,0,kernel,43659544
linux,go,0,rootfs,38868599
linux,go,0,kernel,31376217
linux,go,0,rootfs,37224334
linux,go,0,kernel,32082872
linux,go,0,rootfs,37756697
linux,go,0,kernel,31106494
linux,go,0,rootfs,40280191
linux,go,0,kernel,32931054
linux,go,0,rootfs,36804986
linux,go,0,kernel,26574010
linux,go,0,rootfs,35763411
linux,go,0,kernel,31512231
linux,go,0,rootfs,35976760
linux,go,0,kernel,35712076
linux,go,0,rootfs,38216774
linux,go,0,kernel,35744264
linux,go,0,rootfs,40776857
linux,go,0,kernel,31771418
linux,go,0,rootfs,40836303
linux,go,0,kernel,34105783
linux,go,0,rootfs,36093211
linux,go,0,kernel,26240216
linux,go,0,rootfs,39619775
linux,go,0,kernel,26915547
linux,go,0,rootfs,40601600
linux,go,0,kernel,26635594
linux,go,0,rootfs,36968242
linux,go,0,kernel,31648879
linux,go,0,rootfs,36259827
linux,go,0,kernel,25351687
linux,go,0,rootfs,38689867
linux,go,0,kernel,26337114
linux,go,0,rootfs,39831263
linux,go,0,kernel,36183936
linux,go,0,rootfs,24960993
linux,go,0,kernel,39636957
linux,go,0,rootfs,32357999
linux,go,0,kernel,34950942
linux,go,0,rootfs,39519972
linux,go,0,kernel,31857274
linux,go,0,rootfs,37315035
linux,go,0,kernel,34667862
linux,go,0,rootfs,40862246
linux,go,0,kernel,26317328
linux,go,0,rootfs,38927891
linux,go,0,kernel,27694731
linux,go,0,rootfs,34964875
linux,go,0,kernel,32127160
linux,go,0,rootfs,35650279
linux,go,0,kernel,32266152
linux,go,0,rootfs,36944039
linux,go,0,kernel,32951209
linux,go,0,rootfs,39510670
linux,go,0,kernel,26470326
linux,go,0,rootfs,38446092
linux,go,0,kernel,32365967
linux,go,0,rootfs,36610032
linux,go,0,kernel,42366901
linux,go,0,rootfs,37425189
linux,go,0,kernel,26233684
linux,go,0,rootfs,38433978
linux,go,0,kernel,26248112
linux,go,0,rootfs,36981920
linux,go,0,kernel,35200634
linux,go,0,rootfs,38438911
linux,go,0,kernel,26885342
linux,go,0,rootfs,39536863
linux,go,0,kernel,26267441
linux,go,0,rootfs,39517682
linux,go,0,kernel,26026777
linux,go,0,rootfs,41530784
linux,go,0,kernel,26368549
linux,go,0,rootfs,40340568
linux,go,0,kernel,26135908
linux,go,0,rootfs,37779786
linux,go,0,kernel,26023416
linux,go,0,rootfs,38416542
linux,go,0,kernel,26401594
linux,go,0,rootfs,33331131
linux,go,0,kernel,26768017
linux,go,0,rootfs,36349651
linux,go,0,kernel,26711977
linux,go,0,rootfs,34419600
linux,go,0,kernel,31088353
linux,go,0,rootfs,38924570
linux,go,0,kernel,34017881
linux,go,0,rootfs,38719776
linux,go,0,kernel,32216463
linux,go,0,rootfs,30980381
linux,go,0,kernel,27341372
linux,go,0,rootfs,37489404
linux,go,0,kernel,32056563
linux,go,0,rootfs,38981885
linux,go,0,kernel,32269875
linux,go,0,rootfs,40341640
linux,go,0,kernel,30965452
linux,go,0,rootfs,39904033
linux,node,1,kernel,13197684
linux,node,1,rootfs,10634626
linux,node,1,kernel,13933535
linux,node,1,rootfs,11226404
linux,node,1,kernel,13317796
linux,node,1,rootfs,10191496
linux,node,1,kernel,14099780
linux,node,1,rootfs,10922979
linux,node,1,kernel,13804578
linux,node,1,rootfs,10608645
linux,node,1,kernel,14501537
linux,node,1,rootfs,10469083
linux,node,1,kernel,12824028
linux,node,1,rootfs,11036567
linux,node,1,kernel,14385580
linux,node,1,rootfs,11194851
linux,node,1,kernel,14296978
linux,node,1,rootfs,10835564
linux,node,1,kernel,14371236
linux,node,1,rootfs,11072587
linux,node,1,kernel,14430637
linux,node,1,rootfs,10734442
linux,node,1,kernel,13707171
linux,node,1,rootfs,10881545
linux,node,1,kernel,14591047
linux,node,1,rootfs,10905708
linux,node,1,kernel,13899202
linux,node,1,rootfs,10618569
linux,node,1,kernel,14778100
linux,node,1,rootfs,11308856
linux,node,1,kernel,13582014
linux,node,1,rootfs,10641312
linux,node,1,kernel,14519004
linux,node,1,rootfs,10787580
linux,node,1,kernel,14669656
linux,node,1,rootfs,10796212
linux,node,1,kernel,14831586
linux,node,1,rootfs,10760199
linux,node,1,kernel,14980001
linux,node,1,rootfs,10962920
linux,node,1,kernel,12731890
linux,node,1,rootfs,10233991
linux,node,1,kernel,13524329
linux,node,1,rootfs,10495537
linux,node,1,kernel,14312103
linux,node,1,rootfs,10841030
linux,node,1,kernel,14691486
linux,node,1,rootfs,10665752
linux,node,1,kernel,14069521
linux,node,1,rootfs,10923532
linux,node,1,kernel,14983314
linux,node,1,rootfs,11017705
linux,node,1,kernel,14118973
linux,node,1,rootfs,10480300
linux,node,1,kernel,13973653
linux,node,1,rootfs,11102111
linux,node,1,kernel,14058377
linux,node,1,rootfs,10852544
linux,node,1,kernel,12500854
linux,node,1,rootfs,10984956
linux,node,1,kernel,14459709
linux,node,1,rootfs,10347956
linux,node,1,kernel,14493951
linux,node,1,rootfs,10901612
linux,node,1,kernel,12543827
linux,node,1,rootfs,10315530
linux,node,1,kernel,23522057
linux,node,1,rootfs,10145424
linux,node,1,kernel,14463355
linux,node,1,rootfs,10931188
linux,node,1,kernel,14053417
linux,node,1,rootfs,9986461
linux,node,1,kernel,14443247
linux,node,1,rootfs,10473086
linux,node,1,kernel,15174954
linux,node,1,rootfs,10435253
linux,node,1,kernel,14523862
linux,node,1,rootfs,10981082
linux,node,1,kernel,13102144
linux,node,1,rootfs,10641437
linux,node,1,kernel,14001671
linux,node,1,rootfs,10495102
linux,node,1,kernel,14438695
linux,node,1,rootfs,10676918
linux,node,1,kernel,13704097
linux,node,1,rootfs,10883906
linux,node,1,kernel,13696086
linux,node,1,rootfs,10709944
linux,node,1,kernel,13539014
linux,node,1,rootfs,10209183
linux,node,1,kernel,13997161
linux,node,1,rootfs,10953876
linux,node,1,kernel,13855708
linux,node,1,rootfs,11193625
linux,node,1,kernel,14350199
linux,node,1,rootfs,10288726
linux,node,1,kernel,13850516
linux,node,1,rootfs,10568427
linux,node,1,kernel,14160354
linux,node,1,rootfs,10760197
linux,node,1,kernel,14540768
linux,node,1,rootfs,10803965
linux,node,1,kernel,14661243
linux,node,1,rootfs,10273934
linux,node,1,kernel,13587367
linux,node,1,rootfs,11049629
linux,node,1,kernel,13988131
linux,node,1,rootfs,10416572
linux,node,1,kernel,13548668
linux,node,1,rootfs,10907368
linux,node,1,kernel,13646053
linux,node,1,rootfs,10929118
linux,node,1,kernel,14121759
linux,node,1,rootfs,10966054
linux,node,1,kernel,13228566
linux,node,1,rootfs,10388808
linux,node,1,kernel,13942601
linux,node,1,rootfs,10274252
linux,node,1,kernel,14370622
linux,node,1,rootfs,10302351
linux,node,1,kernel,14317653
linux,node,1,rootfs,11083144
linux,node,1,kernel,15090812
linux,node,1,rootfs,10601226
linux,node,1,kernel,13811069
linux,node,1,rootfs,10294893
linux,node,1,kernel,14321359
linux,node,1,rootfs,10294750
linux,node,1,kernel,14951123
linux,node,1,rootfs,10763993
linux,node,1,kernel,14674152
linux,node,1,rootfs,10769590
linux,node,1,kernel,13409735
linux,node,1,rootfs,10690690
linux,node,1,kernel,14421811
linux,node,1,rootfs,10869911
linux,node,1,kernel,14551365
linux,node,1,rootfs,10288254
linux,node,1,kernel,14606906
linux,node,1,rootfs,10543197
linux,node,1,kernel,13528683
linux,node,1,rootfs,10376774
linux,node,1,kernel,13764851
linux,node,1,rootfs,10649340
linux,node,1,kernel,14820666
linux,node,1,rootfs,10822025
linux,node,1,kernel,13435703
linux,node,1,rootfs,10057966
linux,node,1,kernel,13597362
linux,node,1,rootfs,10475490
linux,node,1,kernel,14793939
linux,node,1,rootfs,12332426
linux,node,1,kernel,13006641
linux,node,1,rootfs,10341467
linux,node,1,kernel,13712309
linux,node,1,rootfs,11588969
linux,node,1,kernel,13755841
linux,node,1,rootfs,10981371
linux,node,1,kernel,14588013
linux,node,1,rootfs,10317950
linux,node,1,kernel,13586887
linux,node,1,rootfs,10849656
linux,node,1,kernel,13638936
linux,node,1,rootfs,12653076
linux,node,1,kernel,14405416
linux,node,1,rootfs,10435000
linux,node,1,kernel,13494845
linux,node,1,rootfs,10666172
linux,node,1,kernel,13994332
linux,node,1,rootfs,10591289
linux,node,1,kernel,14957354
linux,node,1,rootfs,10343280
linux,node,1,kernel,13866971
linux,node,1,rootfs,10383849
linux,node,1,kernel,14305894
linux,node,1,rootfs,10200668
linux,node,1,kernel,13954446
linux,node,1,rootfs,10848342
linux,node,1,kernel,13956578
linux,node,1,rootfs,10939094
linux,node,1,kernel,13419911
linux,node,1,rootfs,10850727
linux,node,1,kernel,14054436
linux,node,1,rootfs,10852388
linux,node,1,kernel,12293819
linux,node,1,rootfs,10640475
linux,node,1,kernel,14410416
linux,node,1,rootfs,10861371
linux,node,1,kernel,14190647
linux,node,1,rootfs,10389375
linux,node,1,kernel,14908816
linux,node,1,rootfs,10605912
linux,node,1,kernel,14295741
linux,node,1,rootfs,10529929
linux,node,1,kernel,13896768
linux,node,1,rootfs,11107796
linux,node,1,kernel,13639485
linux,node,1,rootfs,10923967
linux,node,1,kernel,12656847
linux,node,1,rootfs,10547507
linux,node,0,kernel,16718636
linux,node,0,rootfs,53777977
linux,node,0,kernel,15481894
linux,node,0,rootfs,19201587
linux,node,0,kernel,16370485
linux,node,0,rootfs,20182916
linux,node,0,kernel,16416245
linux,node,0,rootfs,66928710
linux,node,0,kernel,16650275
linux,node,0,rootfs,76431663
linux,node,0,kernel,16601730
linux,node,0,rootfs,30893985
linux,node,0,kernel,16243607
linux,node,0,rootfs,38459934
linux,node,0,kernel,16500819
linux,node,0,rootfs,21074174
linux,node,0,kernel,16059281
linux,node,0,rootfs,23797244
linux,node,0,kernel,16123768
linux,node,0,rootfs,20366911
linux,node,0,kernel,15550559
linux,node,0,rootfs,40260597
linux,node,0,kernel,16790570
linux,node,0,rootfs,28855007
linux,node,0,kernel,17141707
linux,node,0,rootfs,48972427
linux,node,0,kernel,15468115
linux,node,0,rootfs,21031511
linux,node,0,kernel,16269478
linux,node,0,rootfs,48152756
linux,node,0,kernel,16720841
linux,node,0,rootfs,28158025
linux,node,0,kernel,16449398
linux,node,0,rootfs,11772751
linux,node,0,kernel,16247089
linux,node,0,rootfs,21289362
linux,node,0,kernel,16283204
linux,node,0,rootfs,33953665
linux,node,0,kernel,16275064
linux,node,0,rootfs,25431082
linux,node,0,kernel,16391991
linux,node,0,rootfs,35875423
linux,node,0,kernel,15425309
linux,node,0,rootfs,25705705
linux,node,0,kernel,15345753
linux,node,0,rootfs,24732545
linux,node,0,kernel,16517676
linux,node,0,rootfs,43727174
linux,node,0,kernel,17058733
linux,node,0,rootfs,19005044
linux,node,0,kernel,14902502
linux,node,0,rootfs,20220126
linux,node,0,kernel,16474964
linux,node,0,rootfs,24461347
linux,node,0,kernel,16467786
linux,node,0,rootfs,49259950
linux,node,0,kernel,17155905
linux,node,0,rootfs,20419947
linux,node,0,kernel,16477605
linux,node,0,rootfs,24195294
linux,node,0,kernel,16425054
linux,node,0,rootfs,54279869
linux,node,0,kernel,16286568
linux,node,0,rootfs,26340431
linux,node,0,kernel,16001660
linux,node,0,rootfs,22170824
linux,node,0,kernel,16415524
linux,node,0,rootfs,75411004
linux,node,0,kernel,16379367
linux,node,0,rootfs,19353925
linux,node,0,kernel,17039079
linux,node,0,rootfs,44646203
linux,node,0,kernel,16264004
linux,node,0,rootfs,50950723
linux,node,0,kernel,16239625
linux,node,0,rootfs,22681331
linux,node,0,kernel,16335428
linux,node,0,rootfs,20191791
linux,node,0,kernel,16701852
linux,node,0,rootfs,22741988
linux,node,0,kernel,16603218
linux,node,0,rootfs,61084364
linux,node,0,kernel,16741301
linux,node,0,rootfs,20236346
linux,node,0,kernel,16228859
linux,node,0,rootfs,50401779
linux,node,0,kernel,17122898
linux,node,0,rootfs,24786365
linux,node,0,kernel,16547888
linux,node,0,rootfs,67320245
linux,node,0,kernel,16896817
linux,node,0,rootfs,41582888
linux,node,0,kernel,16539829
linux,node,0,rootfs,75939098
linux,node,0,kernel,15403031
linux,node,0,rootfs,20222410
linux,node,0,kernel,16593391
linux,node,0,rootfs,36231569
linux,node,0,kernel,16496987
linux,node,0,rootfs,20660582
linux,node,0,kernel,16319432
linux,node,0,rootfs,23591906
linux,node,0,kernel,16501993
linux,node,0,rootfs,48248563
linux,node,0,kernel,16855629
linux,node,0,rootfs,24974604
linux,node,0,kernel,16335058
linux,node,0,rootfs,19490561
linux,node,0,kernel,16073135
linux,node,0,rootfs,38836228
linux,node,0,kernel,16328609
linux,node,0,rootfs,21270371
linux,node,0,kernel,15268036
linux,node,0,rootfs,49307800
linux,node,0,kernel,16400704
linux,node,0,rootfs,53306199
linux,node,0,kernel,16482290
linux,node,0,rootfs,21080978
linux,node,0,kernel,16036203
linux,node,0,rootfs,24480795
linux,node,0,kernel,16350683
linux,node,0,rootfs,25328205
linux,node,0,kernel,16885564
linux,node,0,rootfs,46428565
linux,node,0,kernel,16600691
linux,node,0,rootfs,20753605
linux,node,0,kernel,16481009
linux,node,0,rootfs,49545715
linux,node,0,kernel,16219097
linux,node,0,rootfs,40263525
linux,node,0,kernel,15502577
linux,node,0,rootfs,32439413
linux,node,0,kernel,16960035
linux,node,0,rootfs,44853246
linux,node,0,kernel,16751701
linux,node,0,rootfs,47247417
linux,node,0,kernel,16666572
linux,node,0,rootfs,18897521
linux,node,0,kernel,15568813
linux,node,0,rootfs,27114300
linux,node,0,kernel,16046839
linux,node,0,rootfs,33177947
linux,node,0,kernel,16213953
linux,node,0,rootfs,40061399
linux,node,0,kernel,16493740
linux,node,0,rootfs,20597376
linux,node,0,kernel,16362259
linux,node,0,rootfs,52387288
linux,node,0,kernel,16296452
linux,node,0,rootfs,47705482
linux,node,0,kernel,14899256
linux,node,0,rootfs,27920409
linux,node,0,kernel,16783972
linux,node,0,rootfs,22446051
linux,node,0,kernel,16118254
linux,node,0,rootfs,33904583
linux,node,0,kernel,26099331
linux,node,0,rootfs,49103484
linux,node,0,kernel,16862518
linux,node,0,rootfs,25690202
linux,node,0,kernel,16240350
linux,node,0,rootfs,20254639
linux,node,0,kernel,16452760
linux,node,0,rootfs,24189142
linux,node,0,kernel,15219821
linux,node,0,rootfs,35338929
linux,node,0,kernel,16334059
linux,node,0,rootfs,42404653
linux,node,0,kernel,16217668
linux,node,0,rootfs,21460691
linux,node,0,kernel,16903400
linux,node,0,rootfs,20515646
linux,node,0,kernel,17438381
linux,node,0,rootfs,57422934
linux,node,0,kernel,16008799
linux,node,0,rootfs,28323756
linux,node,0,kernel,16754306
linux,node,0,rootfs,21129502
linux,node,0,kernel,16386640
linux,node,0,rootfs,19260774
linux,node,0,kernel,15907812
linux,node,0,rootfs,23625644
linux,node,0,kernel,16244444
linux,node,0,rootfs,12793808
linux,node,0,kernel,16181740
linux,node,0,rootfs,23553801
linux,node,0,kernel,32273795
linux,node,0,rootfs,61343824
linux,node,0,kernel,16814810
linux,node,0,rootfs,45686411
linux,node,0,kernel,16774584
linux,node,0,rootfs,29515294
linux,node,0,kernel,16587953
linux,node,0,rootfs,44249230
linux,node,0,kernel,16329289
linux,node,0,rootfs,44362238
linux,node,0,kernel,25999640
linux,node,0,rootfs,48387838
linux,node,0,kernel,16271033
linux,node,0,rootfs,43426606
nanos,go,1,kernel,1309889
nanos,go,1,rootfs,3832982
nanos,go,1,kernel,1427996
nanos,go,1,rootfs,3792213
nanos,go,1,kernel,1491435
nanos,go,1,rootfs,3847039
nanos,go,1,kernel,1411323
nanos,go,1,rootfs,3811622
nanos,go,1,kernel,1489616
nanos,go,1,rootfs,3783524
nanos,go,1,kernel,1396733
nanos,go,1,rootfs,3872038
nanos,go,1,kernel,1290294
nanos,go,1,rootfs,3847265
nanos,go,1,kernel,1431122
nanos,go,1,rootfs,4368998
nanos,go,1,kernel,1417231
nanos,go,1,rootfs,3770431
nanos,go,1,kernel,1442439
nanos,go,1,rootfs,3811230
nanos,go,1,kernel,1278205
nanos,go,1,rootfs,3776795
nanos,go,1,kernel,1313031
nanos,go,1,rootfs,3743304
nanos,go,1,kernel,1343399
nanos,go,1,rootfs,3880074
nanos,go,1,kernel,1414894
nanos,go,1,rootfs,3834574
nanos,go,1,kernel,1314276
nanos,go,1,rootfs,3788202
nanos,go,1,kernel,1444502
nanos,go,1,rootfs,3769057
nanos,go,1,kernel,1314121
nanos,go,1,rootfs,3907965
nanos,go,1,kernel,1358562
nanos,go,1,rootfs,3822737
nanos,go,1,kernel,1343229
nanos,go,1,rootfs,3803114
nanos,go,1,kernel,1385350
nanos,go,1,rootfs,3792856
nanos,go,1,kernel,1463114
nanos,go,1,rootfs,3780609
nanos,go,1,kernel,1385686
nanos,go,1,rootfs,3833133
nanos,go,1,kernel,1300457
nanos,go,1,rootfs,3715206
nanos,go,1,kernel,1428131
nanos,go,1,rootfs,3867472
nanos,go,1,kernel,1317142
nanos,go,1,rootfs,3777786
nanos,go,1,kernel,1404216
nanos,go,1,rootfs,3736490
nanos,go,1,kernel,1469938
nanos,go,1,rootfs,3773549
nanos,go,1,kernel,1476167
nanos,go,1,rootfs,3819497
nanos,go,1,kernel,1458866
nanos,go,1,rootfs,3838154
nanos,go,1,kernel,1391737
nanos,go,1,rootfs,3901578
nanos,go,1,kernel,1408471
nanos,go,1,rootfs,3805041
nanos,go,1,kernel,1338236
nanos,go,1,rootfs,3829939
nanos,go,1,kernel,1320068
nanos,go,1,rootfs,3721808
nanos,go,1,kernel,1297582
nanos,go,1,rootfs,3795256
nanos,go,1,kernel,1433296
nanos,go,1,rootfs,3885965
nanos,go,1,kernel,1356539
nanos,go,1,rootfs,3986673
nanos,go,1,kernel,1421608
nanos,go,1,rootfs,3847867
nanos,go,1,kernel,1444581
nanos,go,1,rootfs,3871493
nanos,go,1,kernel,1427517
nanos,go,1,rootfs,3822894
nanos,go,1,kernel,1437593
nanos,go,1,rootfs,3794352
nanos,go,1,kernel,1323746
nanos,go,1,rootfs,3701700
nanos,go,1,kernel,1333534
nanos,go,1,rootfs,3816380
nanos,go,1,kernel,1396582
nanos,go,1,rootfs,3754562
nanos,go,1,kernel,1441669
nanos,go,1,rootfs,3899433
nanos,go,1,kernel,1431650
nanos,go,1,rootfs,3799728
nanos,go,1,kernel,1425610
nanos,go,1,rootfs,5516918
nanos,go,1,kernel,1434389
nanos,go,1,rootfs,3698096
nanos,go,1,kernel,1440008
nanos,go,1,rootfs,3715612
nanos,go,1,kernel,1381359
nanos,go,1,rootfs,3879146
nanos,go,1,kernel,1323805
nanos,go,1,rootfs,3897617
nanos,go,1,kernel,1498109
nanos,go,1,rootfs,3832166
nanos,go,1,kernel,1198936
nanos,go,1,rootfs,3879201
nanos,go,1,kernel,1634380
nanos,go,1,rootfs,3868423
nanos,go,1,kernel,1508879
nanos,go,1,rootfs,3880664
nanos,go,1,kernel,1478937
nanos,go,1,rootfs,3759098
nanos,go,1,kernel,1498424
nanos,go,1,rootfs,3767345
nanos,go,1,kernel,1400428
nanos,go,1,rootfs,3752611
nanos,go,1,kernel,1515946
nanos,go,1,rootfs,3864968
nanos,go,1,kernel,1561177
nanos,go,1,rootfs,3949116
nanos,go,1,kernel,1500318
nanos,go,1,rootfs,3898080
nanos,go,1,kernel,1405167
nanos,go,1,rootfs,3756857
nanos,go,1,kernel,1495328
nanos,go,1,rootfs,3739569
nanos,go,1,kernel,1587898
nanos,go,1,rootfs,3855939
nanos,go,1,kernel,1448724
nanos,go,1,rootfs,3843667
nanos,go,1,kernel,1465461
nanos,go,1,rootfs,3780488
nanos,go,1,kernel,1494451
nanos,go,1,rootfs,3814665
nanos,go,1,kernel,1500604
nanos,go,1,rootfs,3682205
nanos,go,1,kernel,1425340
nanos,go,1,rootfs,3846456
nanos,go,1,kernel,1459646
nanos,go,1,rootfs,3850032
nanos,go,1,kernel,1469819
nanos,go,1,rootfs,3757582
nanos,go,1,kernel,1328149
nanos,go,1,rootfs,3769716
nanos,go,1,kernel,1466229
nanos,go,1,rootfs,3866116
nanos,go,1,kernel,1402251
nanos,go,1,rootfs,3838840
nanos,go,1,kernel,1230480
nanos,go,1,rootfs,3794834
nanos,go,1,kernel,1432545
nanos,go,1,rootfs,3793322
nanos,go,1,kernel,843490
nanos,go,1,rootfs,3639904
nanos,go,1,kernel,1343683
nanos,go,1,rootfs,3759019
nanos,go,1,kernel,1435243
nanos,go,1,rootfs,3777245
nanos,go,1,kernel,1374783
nanos,go,1,rootfs,3792146
nanos,go,1,kernel,1377791
nanos,go,1,rootfs,3803932
nanos,go,1,kernel,1475724
nanos,go,1,rootfs,3806472
nanos,go,1,kernel,1414822
nanos,go,1,rootfs,3902651
nanos,go,1,kernel,1533634
nanos,go,1,rootfs,3760907
nanos,go,1,kernel,1437502
nanos,go,1,rootfs,3839259
nanos,go,1,kernel,1365111
nanos,go,1,rootfs,3819101
nanos,go,1,kernel,1403526
nanos,go,1,rootfs,3725901
nanos,go,1,kernel,1380206
nanos,go,1,rootfs,3768485
nanos,go,1,kernel,1426188
nanos,go,1,rootfs,3803029
nanos,go,1,kernel,1483108
nanos,go,1,rootfs,3942886
nanos,go,1,kernel,1435515
nanos,go,1,rootfs,3698638
nanos,go,1,kernel,1529363
nanos,go,1,rootfs,3829642
nanos,go,1,kernel,1606462
nanos,go,1,rootfs,3960924
nanos,go,1,kernel,1614524
nanos,go,1,rootfs,3855878
nanos,go,1,kernel,1669651
nanos,go,1,rootfs,3900033
nanos,go,1,kernel,1412823
nanos,go,1,rootfs,3807709
nanos,go,1,kernel,1461251
nanos,go,1,rootfs,3907570
nanos,go,1,kernel,1456168
nanos,go,1,rootfs,3614077
nanos,go,1,kernel,1438472
nanos,go,1,rootfs,3877358
nanos,go,1,kernel,1514176
nanos,go,1,rootfs,3864764
nanos,go,1,kernel,1476607
nanos,go,1,rootfs,3818225
nanos,go,0,kernel,1333086
nanos,go,0,rootfs,12879267
nanos,go,0,kernel,1373398
nanos,go,0,rootfs,12499157
nanos,go,0,kernel,1371155
nanos,go,0,rootfs,12845012
nanos,go,0,kernel,1260334
nanos,go,0,rootfs,12903415
nanos,go,0,kernel,1327812
nanos,go,0,rootfs,12826821
nanos,go,0,kernel,1312692
nanos,go,0,rootfs,20344519
nanos,go,0,kernel,1362325
nanos,go,0,rootfs,12565441
nanos,go,0,kernel,1158236
nanos,go,0,rootfs,7890005
nanos,go,0,kernel,1318024
nanos,go,0,rootfs,12572479
nanos,go,0,kernel,1243385
nanos,go,0,rootfs,12837560
nanos,go,0,kernel,1171846
nanos,go,0,rootfs,18822951
nanos,go,0,kernel,1322705
nanos,go,0,rootfs,20162026
nanos,go,0,kernel,1338175
nanos,go,0,rootfs,18173087
nanos,go,0,kernel,1271863
nanos,go,0,rootfs,12839704
nanos,go,0,kernel,1238217
nanos,go,0,rootfs,19366495
nanos,go,0,kernel,1423311
nanos,go,0,rootfs,12699146
nanos,go,0,kernel,1199051
nanos,go,0,rootfs,19390307
nanos,go,0,kernel,1306956
nanos,go,0,rootfs,3981365
nanos,go,0,kernel,1346212
nanos,go,0,rootfs,20195926
nanos,go,0,kernel,1272207
nanos,go,0,rootfs,17860325
nanos,go,0,kernel,1284624
nanos,go,0,rootfs,19252063
nanos,go,0,kernel,1307762
nanos,go,0,rootfs,12637701
nanos,go,0,kernel,1270648
nanos,go,0,rootfs,22465112
nanos,go,0,kernel,1408384
nanos,go,0,rootfs,19057768
nanos,go,0,kernel,1317100
nanos,go,0,rootfs,20199085
nanos,go,0,kernel,1283267
nanos,go,0,rootfs,12794577
nanos,go,0,kernel,1269654
nanos,go,0,rootfs,12767588
nanos,go,0,kernel,1325124
nanos,go,0,rootfs,12657618
nanos,go,0,kernel,1342715
nanos,go,0,rootfs,12783452
nanos,go,0,kernel,1308731
nanos,go,0,rootfs,12369091
nanos,go,0,kernel,1249050
nanos,go,0,rootfs,19220268
nanos,go,0,kernel,1268772
nanos,go,0,rootfs,12819604
nanos,go,0,kernel,1243553
nanos,go,0,rootfs,12820513
nanos,go,0,kernel,1340850
nanos,go,0,rootfs,19402513
nanos,go,0,kernel,1205655
nanos,go,0,rootfs,20313811
nanos,go,0,kernel,1234190
nanos,go,0,rootfs,12562016
nanos,go,0,kernel,1376310
nanos,go,0,rootfs,21259314
nanos,go,0,kernel,1322459
nanos,go,0,rootfs,12864350
nanos,go,0,kernel,1408442
nanos,go,0,rootfs,12756599
nanos,go,0,kernel,1270829
nanos,go,0,rootfs,14477146
nanos,go,0,kernel,1207578
nanos,go,0,rootfs,12447736
nanos,go,0,kernel,1270747
nanos,go,0,rootfs,12656845
nanos,go,0,kernel,1301161
nanos,go,0,rootfs,16563546
nanos,go,0,kernel,1318194
nanos,go,0,rootfs,12654697
nanos,go,0,kernel,1401660
nanos,go,0,rootfs,12853907
nanos,go,0,kernel,1259997
nanos,go,0,rootfs,12797599
nanos,go,0,kernel,1352569
nanos,go,0,rootfs,19136283
nanos,go,0,kernel,1369507
nanos,go,0,rootfs,3808695
nanos,go,0,kernel,1336279
nanos,go,0,rootfs,24823375
nanos,go,0,kernel,1391308
nanos,go,0,rootfs,17684021
nanos,go,0,kernel,1362212
nanos,go,0,rootfs,12700336
nanos,go,0,kernel,1372413
nanos,go,0,rootfs,16771413
nanos,go,0,kernel,1254177
nanos,go,0,rootfs,19774187
nanos,go,0,kernel,1413973
nanos,go,0,rootfs,12983877
nanos,go,0,kernel,1391477
nanos,go,0,rootfs,19935946
nanos,go,0,kernel,1185947
nanos,go,0,rootfs,18181509
nanos,go,0,kernel,1208604
nanos,go,0,rootfs,12627106
nanos,go,0,kernel,1298382
nanos,go,0,rootfs,24536831
nanos,go,0,kernel,1292965
nanos,go,0,rootfs,16856118
nanos,go,0,kernel,1309664
nanos,go,0,rootfs,19518079
nanos,go,0,kernel,1364449
nanos,go,0,rootfs,12685759
nanos,go,0,kernel,1236005
nanos,go,0,rootfs,12900635
nanos,go,0,kernel,1212936
nanos,go,0,rootfs,12659610
nanos,go,0,kernel,1224107
nanos,go,0,rootfs,21187913
nanos,go,0,kernel,1146849
nanos,go,0,rootfs,12857554
nanos,go,0,kernel,1170694
nanos,go,0,rootfs,12622206
nanos,go,0,kernel,1399774
nanos,go,0,rootfs,11031944
nanos,go,0,kernel,1410858
nanos,go,0,rootfs,20024688
nanos,go,0,kernel,1324077
nanos,go,0,rootfs,16611172
nanos,go,0,kernel,1234619
nanos,go,0,rootfs,12706474
nanos,go,0,kernel,1240344
nanos,go,0,rootfs,12745389
nanos,go,0,kernel,1358726
nanos,go,0,rootfs,12731417
nanos,go,0,kernel,1298896
nanos,go,0,rootfs,15908058
nanos,go,0,kernel,1265280
nanos,go,0,rootfs,15615081
nanos,go,0,kernel,1340089
nanos,go,0,rootfs,12298214
nanos,go,0,kernel,1321139
nanos,go,0,rootfs,12550608
nanos,go,0,kernel,1302532
nanos,go,0,rootfs,12869436
nanos,go,0,kernel,1326102
nanos,go,0,rootfs,19859246
nanos,go,0,kernel,1187673
nanos,go,0,rootfs,24660590
nanos,go,0,kernel,1281845
nanos,go,0,rootfs,12741169
nanos,go,0,kernel,1429817
nanos,go,0,rootfs,12648098
nanos,go,0,kernel,1294858
nanos,go,0,rootfs,21779499
nanos,go,0,kernel,1320021
nanos,go,0,rootfs,12613030
nanos,go,0,kernel,1360612
nanos,go,0,rootfs,12774309
nanos,go,0,kernel,1319910
nanos,go,0,rootfs,22064402
nanos,go,0,kernel,1332936
nanos,go,0,rootfs,12273392
nanos,go,0,kernel,1193861
nanos,go,0,rootfs,12558119
nanos,go,0,kernel,1398753
nanos,go,0,rootfs,21158312
nanos,go,0,kernel,1430387
nanos,go,0,rootfs,12866963
nanos,go,0,kernel,1204169
nanos,go,0,rootfs,12793490
nanos,go,0,kernel,1228799
nanos,go,0,rootfs,15959321
nanos,go,0,kernel,1465834
nanos,go,0,rootfs,12774448
nanos,go,0,kernel,1243777
nanos,go,0,rootfs,21769618
nanos,go,0,kernel,1236254
nanos,go,0,rootfs,25410309
nanos,go,0,kernel,1354718
nanos,go,0,rootfs,19522649
nanos,go,0,kernel,1266469
nanos,go,0,rootfs,12857632
nanos,go,0,kernel,1235752
nanos,go,0,rootfs,12616757
nanos,go,0,kernel,1201995
nanos,go,0,rootfs,20022523
nanos,go,0,kernel,1347054
nanos,go,0,rootfs,20213237
nanos,go,0,kernel,1321071
nanos,go,0,rootfs,12939147
nanos,node,1,kernel,1424229
nanos,node,1,rootfs,27622564
nanos,node,1,kernel,1471404
nanos,node,1,rootfs,27805637
nanos,node,1,kernel,1435929
nanos,node,1,rootfs,28240147
nanos,node,1,kernel,1504046
nanos,node,1,rootfs,28309868
nanos,node,1,kernel,1367668
nanos,node,1,rootfs,28169894
nanos,node,1,kernel,1444713
nanos,node,1,rootfs,28178588
nanos,node,1,kernel,1475318
nanos,node,1,rootfs,28123800
nanos,node,1,kernel,1402145
nanos,node,1,rootfs,27875736
nanos,node,1,kernel,1451021
nanos,node,1,rootfs,27723756
nanos,node,1,kernel,1383834
nanos,node,1,rootfs,27782636
nanos,node,1,kernel,1505134
nanos,node,1,rootfs,27873870
nanos,node,1,kernel,1415672
nanos,node,1,rootfs,28101802
nanos,node,1,kernel,1472066
nanos,node,1,rootfs,29249778
nanos,node,1,kernel,1390916
nanos,node,1,rootfs,28166532
nanos,node,1,kernel,1301312
nanos,node,1,rootfs,27935848
nanos,node,1,kernel,1501370
nanos,node,1,rootfs,27927636
nanos,node,1,kernel,1526576
nanos,node,1,rootfs,28629501
nanos,node,1,kernel,1434729
nanos,node,1,rootfs,28280764
nanos,node,1,kernel,1397941
nanos,node,1,rootfs,28608441
nanos,node,1,kernel,1583552
nanos,node,1,rootfs,28860184
nanos,node,1,kernel,1458224
nanos,node,1,rootfs,28669832
nanos,node,1,kernel,1414745
nanos,node,1,rootfs,28751245
nanos,node,1,kernel,1266812
nanos,node,1,rootfs,27877907
nanos,node,1,kernel,1400716
nanos,node,1,rootfs,28805344
nanos,node,1,kernel,1476646
nanos,node,1,rootfs,28878091
nanos,node,1,kernel,1303677
nanos,node,1,rootfs,27925992
nanos,node,1,kernel,1473049
nanos,node,1,rootfs,28056649
nanos,node,1,kernel,1434776
nanos,node,1,rootfs,28376467
nanos,node,1,kernel,1339805
nanos,node,1,rootfs,28060045
nanos,node,1,kernel,1507970
nanos,node,1,rootfs,28069321
nanos,node,1,kernel,1494774
nanos,node,1,rootfs,31129843
nanos,node,1,kernel,1487040
nanos,node,1,rootfs,28151720
nanos,node,1,kernel,1546956
nanos,node,1,rootfs,28361828
nanos,node,1,kernel,1493686
nanos,node,1,rootfs,28676903
nanos,node,1,kernel,1403338
nanos,node,1,rootfs,28541322
nanos,node,1,kernel,1447681
nanos,node,1,rootfs,28402538
nanos,node,1,kernel,1458882
nanos,node,1,rootfs,28729591
nanos,node,1,kernel,1420726
nanos,node,1,rootfs,28637525
nanos,node,1,kernel,1518087
nanos,node,1,rootfs,27778196
nanos,node,1,kernel,1402938
nanos,node,1,rootfs,28035863
nanos,node,1,kernel,1413364
nanos,node,1,rootfs,28517520
nanos,node,1,kernel,1380267
nanos,node,1,rootfs,27913959
nanos,node,1,kernel,1468025
nanos,node,1,rootfs,27905126
nanos,node,1,kernel,1418407
nanos,node,1,rootfs,28120583
nanos,node,1,kernel,1529383
nanos,node,1,rootfs,28367281
nanos,node,1,kernel,1533109
nanos,node,1,rootfs,28590233
nanos,node,1,kernel,1522754
nanos,node,1,rootfs,28718657
nanos,node,1,kernel,1427918
nanos,node,1,rootfs,28667915
nanos,node,1,kernel,1421572
nanos,node,1,rootfs,28662428
nanos,node,1,kernel,1407924
nanos,node,1,rootfs,28464901
nanos,node,1,kernel,1367592
nanos,node,1,rootfs,28357464
nanos,node,1,kernel,1456249
nanos,node,1,rootfs,28836579
nanos,node,1,kernel,1417403
nanos,node,1,rootfs,28721339
nanos,node,1,kernel,1421313
nanos,node,1,rootfs,28489944
nanos,node,1,kernel,1507145
nanos,node,1,rootfs,28149943
nanos,node,1,kernel,1614066
nanos,node,1,rootfs,28574256
nanos,node,1,kernel,1444934
nanos,node,1,rootfs,28465697
nanos,node,1,kernel,1442834
nanos,node,1,rootfs,28278194
nanos,node,1,kernel,1528134
nanos,node,1,rootfs,28573042
nanos,node,1,kernel,1375262
nanos,node,1,rootfs,28493832
nanos,node,1,kernel,1407270
nanos,node,1,rootfs,28055136
nanos,node,1,kernel,1346728
nanos,node,1,rootfs,28061572
nanos,node,1,kernel,1501714
nanos,node,1,rootfs,28673667
nanos,node,1,kernel,1516620
nanos,node,1,rootfs,28300729
nanos,node,1,kernel,1454626
nanos,node,1,rootfs,29098908
nanos,node,1,kernel,1601094
nanos,node,1,rootfs,28187719
nanos,node,1,kernel,1356108
nanos,node,1,rootfs,28323614
nanos,node,1,kernel,1574586
nanos,node,1,rootfs,28226513
nanos,node,1,kernel,1500137
nanos,node,1,rootfs,28201989
nanos,node,1,kernel,1490702
nanos,node,1,rootfs,28409265
nanos,node,1,kernel,1608578
nanos,node,1,rootfs,28346358
nanos,node,1,kernel,1358899
nanos,node,1,rootfs,27985965
nanos,node,1,kernel,1594454
nanos,node,1,rootfs,28031542
nanos,node,1,kernel,1363690
nanos,node,1,rootfs,28391344
nanos,node,1,kernel,1467132
nanos,node,1,rootfs,28546353
nanos,node,1,kernel,1469131
nanos,node,1,rootfs,28165889
nanos,node,1,kernel,1354565
nanos,node,1,rootfs,28173986
nanos,node,1,kernel,1311633
nanos,node,1,rootfs,27976037
nanos,node,1,kernel,1493509
nanos,node,1,rootfs,27906613
nanos,node,1,kernel,1541617
nanos,node,1,rootfs,28331414
nanos,node,1,kernel,1383599
nanos,node,1,rootfs,27773281
nanos,node,1,kernel,1567612
nanos,node,1,rootfs,27779933
nanos,node,1,kernel,1455190
nanos,node,1,rootfs,27805266
nanos,node,1,kernel,1427736
nanos,node,1,rootfs,27792814
nanos,node,1,kernel,1427661
nanos,node,1,rootfs,27912808
nanos,node,1,kernel,1494722
nanos,node,1,rootfs,28138561
nanos,node,1,kernel,1573515
nanos,node,1,rootfs,28208498
nanos,node,1,kernel,1552849
nanos,node,1,rootfs,28676317
nanos,node,1,kernel,1532893
nanos,node,1,rootfs,28111997
nanos,node,1,kernel,1418276
nanos,node,1,rootfs,27803926
nanos,node,1,kernel,1613595
nanos,node,1,rootfs,28200081
nanos,node,1,kernel,1403388
nanos,node,1,rootfs,28208874
nanos,node,1,kernel,1457846
nanos,node,1,rootfs,28328042
nanos,node,1,kernel,1471082
nanos,node,1,rootfs,28368082
nanos,node,1,kernel,1544370
nanos,node,1,rootfs,28435769
nanos,node,1,kernel,1508869
nanos,node,1,rootfs,28604381
nanos,node,1,kernel,1417870
nanos,node,1,rootfs,28346499
nanos,node,1,kernel,1402736
nanos,node,1,rootfs,28199320
nanos,node,1,kernel,1480078
nanos,node,1,rootfs,27932000
nanos,node,1,kernel,1426179
nanos,node,1,rootfs,28110077
nanos,node,0,kernel,1300130
nanos,node,0,rootfs,74742377
nanos,node,0,kernel,1260233
nanos,node,0,rootfs,35249812
nanos,node,0,kernel,1394818
nanos,node,0,rootfs,70326717
nanos,node,0,kernel,1295015
nanos,node,0,rootfs,66859858
nanos,node,0,kernel,1318578
nanos,node,0,rootfs,65750917
nanos,node,0,kernel,1335082
nanos,node,0,rootfs,65205620
nanos,node,0,kernel,1269452
nanos,node,0,rootfs,35224283
nanos,node,0,kernel,1261367
nanos,node,0,rootfs,35203712
nanos,node,0,kernel,1342582
nanos,node,0,rootfs,60176916
nanos,node,0,kernel,1282454
nanos,node,0,rootfs,44022486
nanos,node,0,kernel,1217620
nanos,node,0,rootfs,65763090
nanos,node,0,kernel,1249953
nanos,node,0,rootfs,73473121
nanos,node,0,kernel,1403648
nanos,node,0,rootfs,52280883
nanos,node,0,kernel,1240619
nanos,node,0,rootfs,35461073
nanos,node,0,kernel,1362369
nanos,node,0,rootfs,37643105
nanos,node,0,kernel,1325332
nanos,node,0,rootfs,44136762
nanos,node,0,kernel,1286368
nanos,node,0,rootfs,69446275
nanos,node,0,kernel,1325747
nanos,node,0,rootfs,62595876
nanos,node,0,kernel,1298315
nanos,node,0,rootfs,36387047
nanos,node,0,kernel,1161421
nanos,node,0,rootfs,35265274
nanos,node,0,kernel,1352679
nanos,node,0,rootfs,80322174
nanos,node,0,kernel,1133928
nanos,node,0,rootfs,35768050
nanos,node,0,kernel,1350690
nanos,node,0,rootfs,70879482
nanos,node,0,kernel,1399781
nanos,node,0,rootfs,70286665
nanos,node,0,kernel,1354322
nanos,node,0,rootfs,42918178
nanos,node,0,kernel,1226185
nanos,node,0,rootfs,75716136
nanos,node,0,kernel,1337607
nanos,node,0,rootfs,73379362
nanos,node,0,kernel,1392423
nanos,node,0,rootfs,66665003
nanos,node,0,kernel,1299464
nanos,node,0,rootfs,78940946
nanos,node,0,kernel,1413030
nanos,node,0,rootfs,53695967
nanos,node,0,kernel,1293429
nanos,node,0,rootfs,42037396
nanos,node,0,kernel,1388727
nanos,node,0,rootfs,35015403
nanos,node,0,kernel,1307142
nanos,node,0,rootfs,46451887
nanos,node,0,kernel,1188852
nanos,node,0,rootfs,61710503
nanos,node,0,kernel,1298229
nanos,node,0,rootfs,39003972
nanos,node,0,kernel,1167217
nanos,node,0,rootfs,82539335
nanos,node,0,kernel,1359848
nanos,node,0,rootfs,51639476
nanos,node,0,kernel,1392604
nanos,node,0,rootfs,81862358
nanos,node,0,kernel,1106584
nanos,node,0,rootfs,75434536
nanos,node,0,kernel,1343954
nanos,node,0,rootfs,55819028
nanos,node,0,kernel,1270185
nanos,node,0,rootfs,58611154
nanos,node,0,kernel,1277998
nanos,node,0,rootfs,35897175
nanos,node,0,kernel,1321005
nanos,node,0,rootfs,71940186
nanos,node,0,kernel,1285901
nanos,node,0,rootfs,65217380
nanos,node,0,kernel,1432825
nanos,node,0,rootfs,40313016
nanos,node,0,kernel,1270584
nanos,node,0,rootfs,61750140
nanos,node,0,kernel,1241828
nanos,node,0,rootfs,54213253
nanos,node,0,kernel,1362653
nanos,node,0,rootfs,39444532
nanos,node,0,kernel,1422985
nanos,node,0,rootfs,53283857
nanos,node,0,kernel,1313026
nanos,node,0,rootfs,65475233
nanos,node,0,kernel,1400578
nanos,node,0,rootfs,49509428
nanos,node,0,kernel,1405574
nanos,node,0,rootfs,72311360
nanos,node,0,kernel,1227377
nanos,node,0,rootfs,56020646
nanos,node,0,kernel,1311982
nanos,node,0,rootfs,57105671
nanos,node,0,kernel,1340004
nanos,node,0,rootfs,69069456
nanos,node,0,kernel,1380032
nanos,node,0,rootfs,35759251
nanos,node,0,kernel,1203987
nanos,node,0,rootfs,64026282
nanos,node,0,kernel,1323634
nanos,node,0,rootfs,76187914
nanos,node,0,kernel,1388922
nanos,node,0,rootfs,35762601
nanos,node,0,kernel,1271710
nanos,node,0,rootfs,35636179
nanos,node,0,kernel,1238007
nanos,node,0,rootfs,58029171
nanos,node,0,kernel,1274093
nanos,node,0,rootfs,34941036
nanos,node,0,kernel,1647628
nanos,node,0,rootfs,36013331
nanos,node,0,kernel,1322059
nanos,node,0,rootfs,35714050
nanos,node,0,kernel,1326631
nanos,node,0,rootfs,35707736
nanos,node,0,kernel,1307120
nanos,node,0,rootfs,55936967
nanos,node,0,kernel,1396164
nanos,node,0,rootfs,35269858
nanos,node,0,kernel,1170703
nanos,node,0,rootfs,67995759
nanos,node,0,kernel,1329381
nanos,node,0,rootfs,69048912
nanos,node,0,kernel,1253759
nanos,node,0,rootfs,78707793
nanos,node,0,kernel,1318893
nanos,node,0,rootfs,35738791
nanos,node,0,kernel,1362117
nanos,node,0,rootfs,63105016
nanos,node,0,kernel,1390160
nanos,node,0,rootfs,49724391
nanos,node,0,kernel,1373659
nanos,node,0,rootfs,35286627
nanos,node,0,kernel,1209715
nanos,node,0,rootfs,61965663
nanos,node,0,kernel,1293628
nanos,node,0,rootfs,61673102
nanos,node,0,kernel,1342111
nanos,node,0,rootfs,43193146
nanos,node,0,kernel,1316550
nanos,node,0,rootfs,75596864
nanos,node,0,kernel,1266582
nanos,node,0,rootfs,61470983
nanos,node,0,kernel,1273185
nanos,node,0,rootfs,35338592
nanos,node,0,kernel,1312456
nanos,node,0,rootfs,35309689
nanos,node,0,kernel,1419259
nanos,node,0,rootfs,59071477
nanos,node,0,kernel,1217132
nanos,node,0,rootfs,35178885
nanos,node,0,kernel,1169737
nanos,node,0,rootfs,63880828
nanos,node,0,kernel,1301224
nanos,node,0,rootfs,46126196
nanos,node,0,kernel,1214443
nanos,node,0,rootfs,35549512
nanos,node,0,kernel,1417800
nanos,node,0,rootfs,35968216
nanos,node,0,kernel,1199118
nanos,node,0,rootfs,45997846
nanos,node,0,kernel,1442449
nanos,node,0,rootfs,68631446
nanos,node,0,kernel,1258444
nanos,node,0,rootfs,35438127
nanos,node,0,kernel,1361024
nanos,node,0,rootfs,60709823
nanos,node,0,kernel,1212716
nanos,node,0,rootfs,35245756
nanos,node,0,kernel,1193366
nanos,node,0,rootfs,43467293
nanos,node,0,kernel,1297482
nanos,node,0,rootfs,62588848
nanos,node,0,kernel,1266964
nanos,node,0,rootfs,54813563
nanos,node,0,kernel,1279590
nanos,node,0,rootfs,35473768
nanos,node,0,kernel,1258082
nanos,node,0,rootfs,73265737
nanos,node,0,kernel,1285202
nanos,node,0,rootfs,76695417
nanos,node,0,kernel,1227982
nanos,node,0,rootfs,35240230
nanos,node,0,kernel,1278226
nanos,node,0,rootfs,35626556
osv,go,1,kernel,4257362
osv,go,1,rootfs,1822844
osv,go,1,kernel,4263057
osv,go,1,rootfs,1799152
osv,go,1,kernel,3960051
osv,go,1,rootfs,1804011
osv,go,1,kernel,4326176
osv,go,1,rootfs,1767211
osv,go,1,kernel,4086775
osv,go,1,rootfs,1749085
osv,go,1,kernel,4414576
osv,go,1,rootfs,1880844
osv,go,1,kernel,4628629
osv,go,1,rootfs,1795301
osv,go,1,kernel,4086327
osv,go,1,rootfs,1775302
osv,go,1,kernel,3882673
osv,go,1,rootfs,1729714
osv,go,1,kernel,4698960
osv,go,1,rootfs,1705204
osv,go,1,kernel,4434695
osv,go,1,rootfs,1732686
osv,go,1,kernel,4556775
osv,go,1,rootfs,1750409
osv,go,1,kernel,3978260
osv,go,1,rootfs,1780447
osv,go,1,kernel,4040016
osv,go,1,rootfs,1725835
osv,go,1,kernel,4277936
osv,go,1,rootfs,1742244
osv,go,1,kernel,4492462
osv,go,1,rootfs,1727222
osv,go,1,kernel,5400925
osv,go,1,rootfs,1788217
osv,go,1,kernel,4132246
osv,go,1,rootfs,1739002
osv,go,1,kernel,4254758
osv,go,1,rootfs,1818061
osv,go,1,kernel,4308358
osv,go,1,rootfs,1754976
osv,go,1,kernel,4414848
osv,go,1,rootfs,1758241
osv,go,1,kernel,4348856
osv,go,1,rootfs,1790217
osv,go,1,kernel,4429688
osv,go,1,rootfs,1733314
osv,go,1,kernel,4222636
osv,go,1,rootfs,1834522
osv,go,1,kernel,3880834
osv,go,1,rootfs,1745816
osv,go,1,kernel,4665155
osv,go,1,rootfs,1755227
osv,go,1,kernel,4616440
osv,go,1,rootfs,1683854
osv,go,1,kernel,4047036
osv,go,1,rootfs,1766759
osv,go,1,kernel,3955345
osv,go,1,rootfs,1749888
osv,go,1,kernel,3357690
osv,go,1,rootfs,1725934
osv,go,1,kernel,4425818
osv,go,1,rootfs,1755442
osv,go,1,kernel,4399697
osv,go,1,rootfs,1752632
osv,go,1,kernel,4592357
osv,go,1,rootfs,1811780
osv,go,1,kernel,5100753
osv,go,1,rootfs,1769466
osv,go,1,kernel,4151477
osv,go,1,rootfs,1811208
osv,go,1,kernel,4122304
osv,go,1,rootfs,1827987
osv,go,1,kernel,4170762
osv,go,1,rootfs,1795988
osv,go,1,kernel,4293671
osv,go,1,rootfs,1781401
osv,go,1,kernel,5056607
osv,go,1,rootfs,1825432
osv,go,1,kernel,4684440
osv,go,1,rootfs,1814310
osv,go,1,kernel,4000948
osv,go,1,rootfs,1786540
osv,go,1,kernel,4328528
osv,go,1,rootfs,1786369
osv,go,1,kernel,3901505
osv,go,1,rootfs,1755548
osv,go,1,kernel,4346787
osv,go,1,rootfs,1813561
osv,go,1,kernel,4300567
osv,go,1,rootfs,1746336
osv,go,1,kernel,5744353
osv,go,1,rootfs,1758186
osv,go,1,kernel,4451779
osv,go,1,rootfs,1717567
osv,go,1,kernel,5171827
osv,go,1,rootfs,1712627
osv,go,1,kernel,4363226
osv,go,1,rootfs,1869718
osv,go,1,kernel,4263043
osv,go,1,rootfs,2313306
osv,go,1,kernel,4729833
osv,go,1,rootfs,1777447
osv,go,1,kernel,4193302
osv,go,1,rootfs,1779667
osv,go,1,kernel,3967949
osv,go,1,rootfs,1753757
osv,go,1,kernel,3978758
osv,go,1,rootfs,1786217
osv,go,1,kernel,3424680
osv,go,1,rootfs,1810146
osv,go,1,kernel,4566877
osv,go,1,rootfs,1742887
osv,go,1,kernel,4247449
osv,go,1,rootfs,1750641
osv,go,1,kernel,4236556
osv,go,1,rootfs,1798308
osv,go,1,kernel,4359399
osv,go,1,rootfs,1826580
osv,go,1,kernel,3988273
osv,go,1,rootfs,1815694
osv,go,1,kernel,4272805
osv,go,1,rootfs,1776062
osv,go,1,kernel,3704856
osv,go,1,rootfs,1801693
osv,go,1,kernel,3319782
osv,go,1,rootfs,1756913
osv,go,1,kernel,4655408
osv,go,1,rootfs,1784662
osv,go,1,kernel,4332022
osv,go,1,rootfs,1782297
osv,go,1,kernel,3049500
osv,go,1,rootfs,1752433
osv,go,1,kernel,4685992
osv,go,1,rootfs,1720515
osv,go,1,kernel,4253791
osv,go,1,rootfs,1757937
osv,go,1,kernel,4031308
osv,go,1,rootfs,1804324
osv,go,1,kernel,4590184
osv,go,1,rootfs,1784521
osv,go,1,kernel,3222873
osv,go,1,rootfs,1741375
osv,go,1,kernel,4397402
osv,go,1,rootfs,1760060
osv,go,1,kernel,4607610
osv,go,1,rootfs,1734201
osv,go,1,kernel,4142565
osv,go,1,rootfs,1744213
osv,go,1,kernel,4818861
osv,go,1,rootfs,1762868
osv,go,1,kernel,4934577
osv,go,1,rootfs,1769749
osv,go,1,kernel,4465139
osv,go,1,rootfs,1764307
osv,go,1,kernel,4412162
osv,go,1,rootfs,1805376
osv,go,1,kernel,3973091
osv,go,1,rootfs,1771799
osv,go,1,kernel,3698990
osv,go,1,rootfs,1745158
osv,go,1,kernel,3574837
osv,go,1,rootfs,1759742
osv,go,1,kernel,4071254
osv,go,1,rootfs,1776268
osv,go,1,kernel,4288614
osv,go,1,rootfs,1767239
osv,go,1,kernel,4381215
osv,go,1,rootfs,1736073
osv,go,1,kernel,4485858
osv,go,1,rootfs,1751263
osv,go,1,kernel,3375747
osv,go,1,rootfs,1721462
osv,go,1,kernel,4410954
osv,go,1,rootfs,1759817
osv,go,1,kernel,4253062
osv,go,1,rootfs,1831375
osv,go,1,kernel,4095766
osv,go,1,rootfs,1777273
osv,go,1,kernel,4140685
osv,go,1,rootfs,1731436
osv,go,1,kernel,4274192
osv,go,1,rootfs,1782979
osv,go,1,kernel,4137406
osv,go,1,rootfs,1812208
osv,go,1,kernel,4447407
osv,go,1,rootfs,1793645
osv,go,1,kernel,5530256
osv,go,1,rootfs,1774047
osv,go,1,kernel,4393170
osv,go,1,rootfs,1711006
osv,go,1,kernel,4711900
osv,go,1,rootfs,1809740
osv,go,1,kernel,4041499
osv,go,1,rootfs,1822265
osv,go,1,kernel,4289244
osv,go,1,rootfs,1794691
osv,go,1,kernel,4325161
osv,go,1,rootfs,1810207
osv,go,1,kernel,3927333
osv,go,1,rootfs,1785269
osv,go,0,kernel,4687900
osv,go,0,rootfs,10620845
osv,go,0,kernel,4676723
osv,go,0,rootfs,10466941
osv,go,0,kernel,4212798
osv,go,0,rootfs,10558873
osv,go,0,kernel,3559475
osv,go,0,rootfs,19269412
osv,go,0,kernel,4361934
osv,go,0,rootfs,10511476
osv,go,0,kernel,3973292
osv,go,0,rootfs,12742076
osv,go,0,kernel,4296528
osv,go,0,rootfs,10488765
osv,go,0,kernel,2564583
osv,go,0,rootfs,10503561
osv,go,0,kernel,3887782
osv,go,0,rootfs,10530786
osv,go,0,kernel,4040389
osv,go,0,rootfs,16260824
osv,go,0,kernel,4609690
osv,go,0,rootfs,18819250
osv,go,0,kernel,3573431
osv,go,0,rootfs,10467719
osv,go,0,kernel,4163839
osv,go,0,rootfs,18970922
osv,go,0,kernel,4095813
osv,go,0,rootfs,10589983
osv,go,0,kernel,4031133
osv,go,0,rootfs,10399488
osv,go,0,kernel,3996554
osv,go,0,rootfs,10428794
osv,go,0,kernel,4068091
osv,go,0,rootfs,15960155
osv,go,0,kernel,4407817
osv,go,0,rootfs,10466458
osv,go,0,kernel,4178170
osv,go,0,rootfs,15426900
osv,go,0,kernel,4743145
osv,go,0,rootfs,1584776
osv,go,0,kernel,3478971
osv,go,0,rootfs,10408260
osv,go,0,kernel,4168026
osv,go,0,rootfs,10546813
osv,go,0,kernel,3813060
osv,go,0,rootfs,12928023
osv,go,0,kernel,3982481
osv,go,0,rootfs,10774766
osv,go,0,kernel,4662421
osv,go,0,rootfs,10520862
osv,go,0,kernel,4101835
osv,go,0,rootfs,10561334
osv,go,0,kernel,4006074
osv,go,0,rootfs,10539013
osv,go,0,kernel,4296553
osv,go,0,rootfs,10535872
osv,go,0,kernel,4122881
osv,go,0,rootfs,20750113
osv,go,0,kernel,3529579
osv,go,0,rootfs,10456932
osv,go,0,kernel,4352779
osv,go,0,rootfs,15358078
osv,go,0,kernel,3731518
osv,go,0,rootfs,15129974
osv,go,0,kernel,4100854
osv,go,0,rootfs,10479113
osv,go,0,kernel,3814181
osv,go,0,rootfs,1611988
osv,go,0,kernel,3989264
osv,go,0,rootfs,16689232
osv,go,0,kernel,4077816
osv,go,0,rootfs,19901245
osv,go,0,kernel,4039366
osv,go,0,rootfs,19830226
osv,go,0,kernel,4041729
osv,go,0,rootfs,10533278
osv,go,0,kernel,3943683
osv,go,0,rootfs,10292481
osv,go,0,kernel,4322223
osv,go,0,rootfs,1534863
osv,go,0,kernel,4786963
osv,go,0,rootfs,11866569
osv,go,0,kernel,3851620
osv,go,0,rootfs,19840983
osv,go,0,kernel,3899841
osv,go,0,rootfs,10466472
osv,go,0,kernel,4137061
osv,go,0,rootfs,10447178
osv,go,0,kernel,3636726
osv,go,0,rootfs,1630643
osv,go,0,kernel,4375130
osv,go,0,rootfs,10482746
osv,go,0,kernel,3485566
osv,go,0,rootfs,16486846
osv,go,0,kernel,4370556
osv,go,0,rootfs,10524789
osv,go,0,kernel,4777580
osv,go,0,rootfs,10471797
osv,go,0,kernel,3985577
osv,go,0,rootfs,10523621
osv,go,0,kernel,4224834
osv,go,0,rootfs,10548705
osv,go,0,kernel,4011326
osv,go,0,rootfs,15264064
osv,go,0,kernel,4069598
osv,go,0,rootfs,10476762
osv,go,0,kernel,4605219
osv,go,0,rootfs,18475075
osv,go,0,kernel,3605084
osv,go,0,rootfs,10521200
osv,go,0,kernel,4534426
osv,go,0,rootfs,15577621
osv,go,0,kernel,4561749
osv,go,0,rootfs,1717237
osv,go,0,kernel,3693062
osv,go,0,rootfs,12821789
osv,go,0,kernel,3749025
osv,go,0,rootfs,15302238
osv,go,0,kernel,3851282
osv,go,0,rootfs,10510250
osv,go,0,kernel,4294360
osv,go,0,rootfs,10543222
osv,go,0,kernel,3869094
osv,go,0,rootfs,10524202
osv,go,0,kernel,4216170
osv,go,0,rootfs,10583948
osv,go,0,kernel,3120225
osv,go,0,rootfs,16683002
osv,go,0,kernel,4638218
osv,go,0,rootfs,19784195
osv,go,0,kernel,4028968
osv,go,0,rootfs,10691692
osv,go,0,kernel,3836201
osv,go,0,rootfs,2267999
osv,go,0,kernel,4438691
osv,go,0,rootfs,10996230
osv,go,0,kernel,3336488
osv,go,0,rootfs,15903030
osv,go,0,kernel,4199163
osv,go,0,rootfs,12758597
osv,go,0,kernel,3970713
osv,go,0,rootfs,10445827
osv,go,0,kernel,4717476
osv,go,0,rootfs,18802922
osv,go,0,kernel,4004488
osv,go,0,rootfs,16353285
osv,go,0,kernel,3651555
osv,go,0,rootfs,11025749
osv,go,0,kernel,4127505
osv,go,0,rootfs,10556594
osv,go,0,kernel,3915959
osv,go,0,rootfs,19071924
osv,go,0,kernel,4102880
osv,go,0,rootfs,10401750
osv,go,0,kernel,4357685
osv,go,0,rootfs,11896272
osv,go,0,kernel,4259967
osv,go,0,rootfs,19304972
osv,go,0,kernel,4296242
osv,go,0,rootfs,10577510
osv,go,0,kernel,4474442
osv,go,0,rootfs,10537849
osv,go,0,kernel,3982260
osv,go,0,rootfs,10451523
osv,go,0,kernel,4423388
osv,go,0,rootfs,10468875
osv,go,0,kernel,3884768
osv,go,0,rootfs,20304972
osv,go,0,kernel,4158909
osv,go,0,rootfs,19404084
osv,go,0,kernel,4387625
osv,go,0,rootfs,18113159
osv,go,0,kernel,5078518
osv,go,0,rootfs,12787056
osv,go,0,kernel,3829842
osv,go,0,rootfs,10531319
osv,go,0,kernel,3114518
osv,go,0,rootfs,10248136
osv,go,0,kernel,4382040
osv,go,0,rootfs,10505211
osv,go,0,kernel,3954493
osv,go,0,rootfs,16662307
osv,go,0,kernel,3882508
osv,go,0,rootfs,10585837
osv,go,0,kernel,4147115
osv,go,0,rootfs,10451654
osv,go,0,kernel,4481978
osv,go,0,rootfs,20924608
osv,go,0,kernel,4030285
osv,go,0,rootfs,18926652
osv,go,0,kernel,4108002
osv,go,0,rootfs,10490461
osv,go,0,kernel,3743977
osv,go,0,rootfs,19285034
osv,go,0,kernel,3924516
osv,go,0,rootfs,10479607
osv,go,0,kernel,3846748
osv,go,0,rootfs,10506229
osv,go,0,kernel,4000562
osv,go,0,rootfs,15362633
osv,node,1,kernel,4606595
osv,node,1,rootfs,10916958
osv,node,1,kernel,4122042
osv,node,1,rootfs,10337984
osv,node,1,kernel,4047585
osv,node,1,rootfs,10823585
osv,node,1,kernel,4320187
osv,node,1,rootfs,10303554
osv,node,1,kernel,2864691
osv,node,1,rootfs,10672502
osv,node,1,kernel,3804905
osv,node,1,rootfs,10725038
osv,node,1,kernel,4829714
osv,node,1,rootfs,10539624
osv,node,1,kernel,4788553
osv,node,1,rootfs,10089559
osv,node,1,kernel,3924702
osv,node,1,rootfs,10298824
osv,node,1,kernel,3834090
osv,node,1,rootfs,10568459
osv,node,1,kernel,4685038
osv,node,1,rootfs,10252362
osv,node,1,kernel,4075918
osv,node,1,rootfs,10391928
osv,node,1,kernel,3070624
osv,node,1,rootfs,10833495
osv,node,1,kernel,4782898
osv,node,1,rootfs,10627863
osv,node,1,kernel,4836140
osv,node,1,rootfs,10184572
osv,node,1,kernel,4413397
osv,node,1,rootfs,10662904
osv,node,1,kernel,3931848
osv,node,1,rootfs,10524642
osv,node,1,kernel,4333775
osv,node,1,rootfs,10615497
osv,node,1,kernel,4762000
osv,node,1,rootfs,10510636
osv,node,1,kernel,4491123
osv,node,1,rootfs,10673034
osv,node,1,kernel,4325920
osv,node,1,rootfs,10755610
osv,node,1,kernel,4489521
osv,node,1,rootfs,10736776
osv,node,1,kernel,4757943
osv,node,1,rootfs,10188516
osv,node,1,kernel,4354760
osv,node,1,rootfs,10497844
osv,node,1,kernel,4094307
osv,node,1,rootfs,9998897
osv,node,1,kernel,3942393
osv,node,1,rootfs,10245531
osv,node,1,kernel,4028911
osv,node,1,rootfs,10610603
osv,node,1,kernel,4453116
osv,node,1,rootfs,10313420
osv,node,1,kernel,4406281
osv,node,1,rootfs,10306723
osv,node,1,kernel,4829445
osv,node,1,rootfs,10353739
osv,node,1,kernel,4029335
osv,node,1,rootfs,10643611
osv,node,1,kernel,5079544
osv,node,1,rootfs,10146381
osv,node,1,kernel,3973249
osv,node,1,rootfs,10553274
osv,node,1,kernel,4622136
osv,node,1,rootfs,10682667
osv,node,1,kernel,4291361
osv,node,1,rootfs,10748053
osv,node,1,kernel,4132262
osv,node,1,rootfs,10811564
osv,node,1,kernel,4293567
osv,node,1,rootfs,10678793
osv,node,1,kernel,4507518
osv,node,1,rootfs,10504244
osv,node,1,kernel,3842669
osv,node,1,rootfs,10218679
osv,node,1,kernel,4474176
osv,node,1,rootfs,10239103
osv,node,1,kernel,4577267
osv,node,1,rootfs,10660262
osv,node,1,kernel,4633860
osv,node,1,rootfs,10365661
osv,node,1,kernel,3113327
osv,node,1,rootfs,10236313
osv,node,1,kernel,3826006
osv,node,1,rootfs,10399337
osv,node,1,kernel,3420840
osv,node,1,rootfs,10708361
osv,node,1,kernel,4853788
osv,node,1,rootfs,10945932
osv,node,1,kernel,3949619
osv,node,1,rootfs,10367522
osv,node,1,kernel,4170647
osv,node,1,rootfs,10737265
osv,node,1,kernel,4530607
osv,node,1,rootfs,10596794
osv,node,1,kernel,4440564
osv,node,1,rootfs,10452506
osv,node,1,kernel,5391451
osv,node,1,rootfs,10410001
osv,node,1,kernel,4293683
osv,node,1,rootfs,10438384
osv,node,1,kernel,4761629
osv,node,1,rootfs,10745899
osv,node,1,kernel,4518743
osv,node,1,rootfs,13249346
osv,node,1,kernel,4296026
osv,node,1,rootfs,10059168
osv,node,1,kernel,4361167
osv,node,1,rootfs,10675853
osv,node,1,kernel,2132637
osv,node,1,rootfs,10260047
osv,node,1,kernel,4165498
osv,node,1,rootfs,10741992
osv,node,1,kernel,3841107
osv,node,1,rootfs,10739640
osv,node,1,kernel,4743158
osv,node,1,rootfs,10641154
osv,node,1,kernel,5911177
osv,node,1,rootfs,10269476
osv,node,1,kernel,4673208
osv,node,1,rootfs,10319200
osv,node,1,kernel,3930469
osv,node,1,rootfs,10625973
osv,node,1,kernel,3976285
osv,node,1,rootfs,10630460
osv,node,1,kernel,4446688
osv,node,1,rootfs,10684818
osv,node,1,kernel,4661376
osv,node,1,rootfs,10346181
osv,node,1,kernel,5575987
osv,node,1,rootfs,10346914
osv,node,1,kernel,4770611
osv,node,1,rootfs,10296826
osv,node,1,kernel,4026584
osv,node,1,rootfs,10625444
osv,node,1,kernel,4506548
osv,node,1,rootfs,10432950
osv,node,1,kernel,4187660
osv,node,1,rootfs,10684276
osv,node,1,kernel,4414108
osv,node,1,rootfs,10386120
osv,node,1,kernel,4544398
osv,node,1,rootfs,10237138
osv,node,1,kernel,4625511
osv,node,1,rootfs,10541280
osv,node,1,kernel,4026798
osv,node,1,rootfs,10708145
osv,node,1,kernel,4216389
osv,node,1,rootfs,10327335
osv,node,1,kernel,4617574
osv,node,1,rootfs,10562960
osv,node,1,kernel,4453673
osv,node,1,rootfs,10430583
osv,node,1,kernel,4387608
osv,node,1,rootfs,10267740
osv,node,1,kernel,4846633
osv,node,1,rootfs,10268985
osv,node,1,kernel,4341065
osv,node,1,rootfs,10101002
osv,node,1,kernel,4148129
osv,node,1,rootfs,10450715
osv,node,1,kernel,4163505
osv,node,1,rootfs,10421345
osv,node,1,kernel,4340785
osv,node,1,rootfs,11011874
osv,node,1,kernel,4173776
osv,node,1,rootfs,11340088
osv,node,1,kernel,4082991
osv,node,1,rootfs,10345770
osv,node,1,kernel,4309339
osv,node,1,rootfs,10478931
osv,node,1,kernel,4608138
osv,node,1,rootfs,10653976
osv,node,1,kernel,4693147
osv,node,1,rootfs,10391641
osv,node,1,kernel,4340040
osv,node,1,rootfs,10973282
osv,node,1,kernel,4097881
osv,node,1,rootfs,10662614
osv,node,1,kernel,4275912
osv,node,1,rootfs,11235504
osv,node,1,kernel,3048732
osv,node,1,rootfs,10588635
osv,node,1,kernel,4076490
osv,node,1,rootfs,10588685
osv,node,1,kernel,5006217
osv,node,1,rootfs,10794950
osv,node,1,kernel,4291989
osv,node,1,rootfs,10304016
osv,node,1,kernel,4014794
osv,node,1,rootfs,10734376
osv,node,1,kernel,4424126
osv,node,1,rootfs,10335696
osv,node,1,kernel,4365523
osv,node,1,rootfs,10325304
osv,node,1,kernel,4812521
osv,node,1,rootfs,10733006
osv,node,0,kernel,4137904
osv,node,0,rootfs,63325969
osv,node,0,kernel,4239493
osv,node,0,rootfs,27758104
osv,node,0,kernel,3929360
osv,node,0,rootfs,18848003
osv,node,0,kernel,4149298
osv,node,0,rootfs,35048095
osv,node,0,kernel,4094380
osv,node,0,rootfs,80053860
osv,node,0,kernel,4052751
osv,node,0,rootfs,20795506
osv,node,0,kernel,4413653
osv,node,0,rootfs,66091658
osv,node,0,kernel,4307729
osv,node,0,rootfs,18771800
osv,node,0,kernel,4338593
osv,node,0,rootfs,32896695
osv,node,0,kernel,4650100
osv,node,0,rootfs,44340106
osv,node,0,kernel,3924838
osv,node,0,rootfs,20352118
osv,node,0,kernel,4186475
osv,node,0,rootfs,34215423
osv,node,0,kernel,4598189
osv,node,0,rootfs,46125489
osv,node,0,kernel,3747705
osv,node,0,rootfs,19415506
osv,node,0,kernel,4366457
osv,node,0,rootfs,18682460
osv,node,0,kernel,4366390
osv,node,0,rootfs,18898311
osv,node,0,kernel,4217339
osv,node,0,rootfs,20711280
osv,node,0,kernel,3955441
osv,node,0,rootfs,18927582
osv,node,0,kernel,2394213
osv,node,0,rootfs,21609557
osv,node,0,kernel,3948050
osv,node,0,rootfs,68662031
osv,node,0,kernel,3988500
osv,node,0,rootfs,18959110
osv,node,0,kernel,4333004
osv,node,0,rootfs,18874494
osv,node,0,kernel,3372112
osv,node,0,rootfs,18794186
osv,node,0,kernel,4085837
osv,node,0,rootfs,18901843
osv,node,0,kernel,3953045
osv,node,0,rootfs,57887804
osv,node,0,kernel,4028776
osv,node,0,rootfs,20884430
osv,node,0,kernel,4599168
osv,node,0,rootfs,47476477
osv,node,0,kernel,4043239
osv,node,0,rootfs,20600298
osv,node,0,kernel,4294101
osv,node,0,rootfs,28658058
osv,node,0,kernel,4651880
osv,node,0,rootfs,24628932
osv,node,0,kernel,3593263
osv,node,0,rootfs,21211431
osv,node,0,kernel,4170259
osv,node,0,rootfs,18709672
osv,node,0,kernel,3795608
osv,node,0,rootfs,46509747
osv,node,0,kernel,4382870
osv,node,0,rootfs,18845990
osv,node,0,kernel,3998654
osv,node,0,rootfs,18790202
osv,node,0,kernel,3624984
osv,node,0,rootfs,76248480
osv,node,0,kernel,3884617
osv,node,0,rootfs,59484780
osv,node,0,kernel,4197420
osv,node,0,rootfs,18949120
osv,node,0,kernel,4127977
osv,node,0,rootfs,30607828
osv,node,0,kernel,3700110
osv,node,0,rootfs,18740552
osv,node,0,kernel,4177823
osv,node,0,rootfs,18550831
osv,node,0,kernel,3753972
osv,node,0,rootfs,43625576
osv,node,0,kernel,4030243
osv,node,0,rootfs,18894813
osv,node,0,kernel,3730253
osv,node,0,rootfs,66614053
osv,node,0,kernel,3720700
osv,node,0,rootfs,21746783
osv,node,0,kernel,4172969
osv,node,0,rootfs,19026841
osv,node,0,kernel,4326177
osv,node,0,rootfs,18699449
osv,node,0,kernel,4302311
osv,node,0,rootfs,18749249
osv,node,0,kernel,3738626
osv,node,0,rootfs,18619945
osv,node,0,kernel,4265236
osv,node,0,rootfs,37530893
osv,node,0,kernel,4652038
osv,node,0,rootfs,36679688
osv,node,0,kernel,3964556
osv,node,0,rootfs,18857073
osv,node,0,kernel,4672078
osv,node,0,rootfs,59658918
osv,node,0,kernel,3894199
osv,node,0,rootfs,18668894
osv,node,0,kernel,4722122
osv,node,0,rootfs,20121156
osv,node,0,kernel,3910401
osv,node,0,rootfs,56564087
osv,node,0,kernel,4311591
osv,node,0,rootfs,49429893
osv,node,0,kernel,4121266
osv,node,0,rootfs,40328097
osv,node,0,kernel,3743283
osv,node,0,rootfs,39165501
osv,node,0,kernel,3218730
osv,node,0,rootfs,18732123
osv,node,0,kernel,4399263
osv,node,0,rootfs,20624622
osv,node,0,kernel,4247481
osv,node,0,rootfs,56281405
osv,node,0,kernel,4131345
osv,node,0,rootfs,30187953
osv,node,0,kernel,4207209
osv,node,0,rootfs,75724997
osv,node,0,kernel,4162441
osv,node,0,rootfs,20255200
osv,node,0,kernel,4326063
osv,node,0,rootfs,18841845
osv,node,0,kernel,4285289
osv,node,0,rootfs,18799967
osv,node,0,kernel,4182160
osv,node,0,rootfs,38786758
osv,node,0,kernel,4510693
osv,node,0,rootfs,19595105
osv,node,0,kernel,3722706
osv,node,0,rootfs,54105779
osv,node,0,kernel,4396256
osv,node,0,rootfs,20022968
osv,node,0,kernel,3922006
osv,node,0,rootfs,20715879
osv,node,0,kernel,3780141
osv,node,0,rootfs,18717282
osv,node,0,kernel,4363089
osv,node,0,rootfs,18774046
osv,node,0,kernel,3940845
osv,node,0,rootfs,59224250
osv,node,0,kernel,3822926
osv,node,0,rootfs,18698609
osv,node,0,kernel,3909747
osv,node,0,rootfs,45400505
osv,node,0,kernel,3926561
osv,node,0,rootfs,20431436
osv,node,0,kernel,4080369
osv,node,0,rootfs,18657779
osv,node,0,kernel,4560841
osv,node,0,rootfs,24680526
osv,node,0,kernel,4091674
osv,node,0,rootfs,19601261
osv,node,0,kernel,4604064
osv,node,0,rootfs,54171858
osv,node,0,kernel,3662256
osv,node,0,rootfs,40206415
osv,node,0,kernel,4774304
osv,node,0,rootfs,26277348
osv,node,0,kernel,3818653
osv,node,0,rootfs,19201217
osv,node,0,kernel,3817892
osv,node,0,rootfs,18729762
osv,node,0,kernel,3265817
osv,node,0,rootfs,34187025
osv,node,0,kernel,4528801
osv,node,0,rootfs,10184674
osv,node,0,kernel,3799568
osv,node,0,rootfs,53762903
osv,node,0,kernel,4258202
osv,node,0,rootfs,10277413
osv,node,0,kernel,4252814
osv,node,0,rootfs,18853504
osv,node,0,kernel,4194779
osv,node,0,rootfs,18781115
osv,node,0,kernel,5043523
osv,node,0,rootfs,18849122
osv,node,0,kernel,4107965
osv,node,0,rootfs,35822141
osv,node,0,kernel,4094692
osv,node,0,rootfs,18794334
osv,node,0,kernel,4589238
osv,node,0,rootfs,18701078
osv,node,0,kernel,2789884
osv,node,0,rootfs,33471012
osv,node,0,kernel,4474171
osv,node,0,rootfs,18787476
osv,node,0,kernel,4318435
osv,node,0,rootfs,20851237
osv,node,0,kernel,4623372
osv,node,0,rootfs,20761885
