gvisor,node,0,948054142
gvisor,node,0,940522001
gvisor,node,0,956100291
gvisor,node,0,956895723
gvisor,node,0,961115178
gvisor,node,0,974634385
gvisor,node,0,961014932
gvisor,node,0,946505849
gvisor,node,0,949530440
gvisor,node,0,949103842
gvisor,node,0,958087439
gvisor,node,0,958616818
gvisor,node,0,960095232
gvisor,node,0,955964423
gvisor,node,0,941697269
gvisor,node,0,943931358
gvisor,node,0,963273051
gvisor,node,0,942352746
gvisor,node,0,957632355
gvisor,node,0,969086456
gvisor,node,0,966007651
gvisor,node,0,941132438
gvisor,node,0,955947690
gvisor,node,0,952915522
gvisor,node,0,966100811
gvisor,node,0,959463978
gvisor,node,0,944386710
gvisor,node,0,953985042
gvisor,node,0,963068329
gvisor,node,0,966954774
gvisor,node,0,955802624
gvisor,node,0,951750171
gvisor,node,0,972918372
gvisor,node,0,963024738
gvisor,node,0,955634147
gvisor,node,0,945831364
gvisor,node,0,967690686
gvisor,node,0,971678528
gvisor,node,0,958138199
gvisor,node,0,944172367
gvisor,node,0,946681838
gvisor,node,0,946700191
gvisor,node,0,967333747
gvisor,node,0,954635443
gvisor,node,0,948109888
gvisor,node,0,962858809
gvisor,node,0,973716586
gvisor,node,0,939138285
gvisor,node,0,960930102
gvisor,node,0,959260828
gvisor,node,0,958337355
gvisor,node,0,959012573
gvisor,node,0,947658447
gvisor,node,0,962469592
gvisor,node,0,946367420
gvisor,node,0,944608741
gvisor,node,0,973990453
gvisor,node,0,947008915
gvisor,node,0,953872575
gvisor,node,0,958167874
gvisor,node,0,967224136
gvisor,node,0,954364800
gvisor,node,0,957061483
gvisor,node,0,946982082
gvisor,node,0,952649845
gvisor,node,0,939630545
gvisor,node,0,953654158
gvisor,node,0,949829106
gvisor,node,0,936623852
gvisor,node,0,955139041
gvisor,node,0,964785190
gvisor,node,0,953520350
gvisor,node,0,946461264
gvisor,node,0,954417985
gvisor,node,0,953879605
gvisor,node,0,958981239
gvisor,node,0,956913047
gvisor,node,0,954211597
gvisor,node,0,944848788
gvisor,node,0,962701045
gvisor,node,0,940952445
gvisor,node,0,947107568
gvisor,node,0,947088045
gvisor,node,0,947294242
gvisor,node,0,950526764
gvisor,node,0,952101197
gvisor,node,0,956742042
gvisor,node,0,965872535
gvisor,node,0,952841870
gvisor,node,0,960415049
gvisor,node,0,964130161
gvisor,node,0,948772147
gvisor,node,0,951703170
gvisor,node,0,954394461
gvisor,node,0,968830174
gvisor,node,0,961654613
gvisor,node,0,964003402
gvisor,node,0,944724594
gvisor,node,0,960582310
gvisor,node,0,950774662
gvisor,node,1,891063052
gvisor,node,1,885494918
gvisor,node,1,902373713
gvisor,node,1,882643611
gvisor,node,1,881783640
gvisor,node,1,892358329
gvisor,node,1,896206935
gvisor,node,1,887342692
gvisor,node,1,895460098
gvisor,node,1,906035597
gvisor,node,1,896794162
gvisor,node,1,893437141
gvisor,node,1,890110889
gvisor,node,1,896112655
gvisor,node,1,905448804
gvisor,node,1,880724101
gvisor,node,1,903278884
gvisor,node,1,892017750
gvisor,node,1,892400395
gvisor,node,1,877304276
gvisor,node,1,895944059
gvisor,node,1,907857971
gvisor,node,1,909553096
gvisor,node,1,894897233
gvisor,node,1,884177709
gvisor,node,1,894722217
gvisor,node,1,864350884
gvisor,node,1,889985714
gvisor,node,1,883243074
gvisor,node,1,890165178
gvisor,node,1,903605277
gvisor,node,1,883424505
gvisor,node,1,903735924
gvisor,node,1,878400418
gvisor,node,1,874208226
gvisor,node,1,898340549
gvisor,node,1,877931937
gvisor,node,1,901566177
gvisor,node,1,891804934
gvisor,node,1,882630142
gvisor,node,1,875727379
gvisor,node,1,897365939
gvisor,node,1,879305318
gvisor,node,1,876628488
gvisor,node,1,890888101
gvisor,node,1,894120431
gvisor,node,1,875849060
gvisor,node,1,890026340
gvisor,node,1,894681876
gvisor,node,1,889961089
gvisor,node,1,893243294
gvisor,node,1,889831622
gvisor,node,1,904738747
gvisor,node,1,884241508
gvisor,node,1,885738107
gvisor,node,1,883726394
gvisor,node,1,895335608
gvisor,node,1,896306910
gvisor,node,1,888680256
gvisor,node,1,902751953
gvisor,node,1,872786407
gvisor,node,1,900708697
gvisor,node,1,902534234
gvisor,node,1,895538784
gvisor,node,1,896100959
gvisor,node,1,884015986
gvisor,node,1,888191522
gvisor,node,1,897070813
gvisor,node,1,890646347
gvisor,node,1,877221971
gvisor,node,1,889672466
gvisor,node,1,896137116
gvisor,node,1,884954243
gvisor,node,1,873441036
gvisor,node,1,888723034
gvisor,node,1,879312581
gvisor,node,1,880171507
gvisor,node,1,891548115
gvisor,node,1,884695662
gvisor,node,1,869986251
gvisor,node,1,895896266
gvisor,node,1,890905297
gvisor,node,1,902762494
gvisor,node,1,885563077
gvisor,node,1,887204278
gvisor,node,1,908007756
gvisor,node,1,898692300
gvisor,node,1,891657699
gvisor,node,1,895621686
gvisor,node,1,887664880
gvisor,node,1,886907575
gvisor,node,1,895649265
gvisor,node,1,889547938
gvisor,node,1,869351364
gvisor,node,1,908647770
gvisor,node,1,885758807
gvisor,node,1,886971399
gvisor,node,1,899658253
gvisor,node,1,889349060
gvisor,node,1,902598982
gvisor,go,0,280267204
gvisor,go,0,281504318
gvisor,go,0,281303875
gvisor,go,0,282699865
gvisor,go,0,283064389
gvisor,go,0,280778530
gvisor,go,0,281940675
gvisor,go,0,283118185
gvisor,go,0,281177908
gvisor,go,0,281052141
gvisor,go,0,281818787
gvisor,go,0,283201770
gvisor,go,0,282703777
gvisor,go,0,281579497
gvisor,go,0,282403597
gvisor,go,0,284483593
gvisor,go,0,282998579
gvisor,go,0,280548703
gvisor,go,0,284581693
gvisor,go,0,283440559
gvisor,go,0,281000683
gvisor,go,0,284858410
gvisor,go,0,280812076
gvisor,go,0,281558861
gvisor,go,0,280717434
gvisor,go,0,281274569
gvisor,go,0,282516035
gvisor,go,0,280494172
gvisor,go,0,280261831
gvisor,go,0,281951711
gvisor,go,0,283814008
gvisor,go,0,282478433
gvisor,go,0,281518396
gvisor,go,0,281953322
gvisor,go,0,282038243
gvisor,go,0,282026089
gvisor,go,0,280448010
gvisor,go,0,287278808
gvisor,go,0,282172436
gvisor,go,0,283727582
gvisor,go,0,282766432
gvisor,go,0,281135498
gvisor,go,0,283190882
gvisor,go,0,282113167
gvisor,go,0,281029770
gvisor,go,0,283508689
gvisor,go,0,280540384
gvisor,go,0,280213655
gvisor,go,0,282439993
gvisor,go,0,280740438
gvisor,go,0,282206730
gvisor,go,0,281977263
gvisor,go,0,282226044
gvisor,go,0,280742031
gvisor,go,0,280642247
gvisor,go,0,282553200
gvisor,go,0,283258375
gvisor,go,0,283240571
gvisor,go,0,280883105
gvisor,go,0,283450122
gvisor,go,0,283265047
gvisor,go,0,279753346
gvisor,go,0,282492281
gvisor,go,0,285212818
gvisor,go,0,282475982
gvisor,go,0,284656433
gvisor,go,0,280528175
gvisor,go,0,281911535
gvisor,go,0,281602992
gvisor,go,0,280421847
gvisor,go,0,282733855
gvisor,go,0,281140650
gvisor,go,0,282052667
gvisor,go,0,284699748
gvisor,go,0,283188609
gvisor,go,0,281454057
gvisor,go,0,283631045
gvisor,go,0,280559170
gvisor,go,0,284576103
gvisor,go,0,286247601
gvisor,go,0,279272775
gvisor,go,0,284341670
gvisor,go,0,282272729
gvisor,go,0,281281244
gvisor,go,0,286253708
gvisor,go,0,284427079
gvisor,go,0,283421081
gvisor,go,0,281445075
gvisor,go,0,282985515
gvisor,go,0,284102116
gvisor,go,0,280685739
gvisor,go,0,280879277
gvisor,go,0,281074159
gvisor,go,0,281313679
gvisor,go,0,283801744
gvisor,go,0,284333219
gvisor,go,0,282826213
gvisor,go,0,283925113
gvisor,go,0,285081783
gvisor,go,0,283163735
gvisor,go,1,272598692
gvisor,go,1,274664888
gvisor,go,1,273199238
gvisor,go,1,275031557
gvisor,go,1,272229153
gvisor,go,1,274341694
gvisor,go,1,274781915
gvisor,go,1,273694520
gvisor,go,1,271917508
gvisor,go,1,275629607
gvisor,go,1,272845071
gvisor,go,1,272612191
gvisor,go,1,272726751
gvisor,go,1,271899258
gvisor,go,1,273308137
gvisor,go,1,274382846
gvisor,go,1,274413616
gvisor,go,1,276104961
gvisor,go,1,273380577
gvisor,go,1,274530322
gvisor,go,1,273075024
gvisor,go,1,271884106
gvisor,go,1,276206121
gvisor,go,1,274623976
gvisor,go,1,273880850
gvisor,go,1,274575664
gvisor,go,1,273115950
gvisor,go,1,274452359
gvisor,go,1,273246630
gvisor,go,1,274763218
gvisor,go,1,276256279
gvisor,go,1,275917444
gvisor,go,1,273112724
gvisor,go,1,273299735
gvisor,go,1,272301187
gvisor,go,1,275683403
gvisor,go,1,276422864
gvisor,go,1,275793583
gvisor,go,1,273253869
gvisor,go,1,273224337
gvisor,go,1,273072138
gvisor,go,1,273718464
gvisor,go,1,273021646
gvisor,go,1,273355769
gvisor,go,1,273225093
gvisor,go,1,274315646
gvisor,go,1,272676112
gvisor,go,1,273149840
gvisor,go,1,273595016
gvisor,go,1,273591652
gvisor,go,1,272653899
gvisor,go,1,272519626
gvisor,go,1,274241221
gvisor,go,1,272564433
gvisor,go,1,274008824
gvisor,go,1,273027579
gvisor,go,1,272585190
gvisor,go,1,274848812
gvisor,go,1,274659312
gvisor,go,1,275590255
gvisor,go,1,274829642
gvisor,go,1,274258518
gvisor,go,1,272812024
gvisor,go,1,274104197
gvisor,go,1,273066214
gvisor,go,1,273839213
gvisor,go,1,274419698
gvisor,go,1,275090546
gvisor,go,1,275592369
gvisor,go,1,274958403
gvisor,go,1,273853256
gvisor,go,1,271379122
gvisor,go,1,272482787
gvisor,go,1,272875920
gvisor,go,1,273860917
gvisor,go,1,274435693
gvisor,go,1,272026521
gvisor,go,1,274103312
gvisor,go,1,272363139
gvisor,go,1,273293096
gvisor,go,1,274952427
gvisor,go,1,272046293
gvisor,go,1,272652385
gvisor,go,1,274129379
gvisor,go,1,273908400
gvisor,go,1,274039344
gvisor,go,1,273833554
gvisor,go,1,274374374
gvisor,go,1,273769319
gvisor,go,1,274167128
gvisor,go,1,273346863
gvisor,go,1,273096255
gvisor,go,1,272701667
gvisor,go,1,273517548
gvisor,go,1,275041485
gvisor,go,1,273412333
gvisor,go,1,273742643
gvisor,go,1,275424860
gvisor,go,1,274142653
gvisor,go,1,272555852
