target,time,attempt
nanos,330,first
nanos,322,second
linux,333,first
linux,329,second
osv,336,first
osv,335,second
docker,333,first
docker,329,second
gvisor,336,first
gvisor,330,second
nanos,331,first
nanos,323,second
linux,336,first
linux,329,second
osv,335,first
osv,332,second
docker,325,first
docker,322,second
gvisor,332,first
gvisor,330,second
nanos,333,first
nanos,326,second
linux,333,first
linux,329,second
osv,337,first
osv,331,second
docker,325,first
docker,322,second
gvisor,338,first
gvisor,327,second
nanos,334,first
nanos,325,second
linux,333,first
linux,332,second
osv,336,first
osv,330,second
docker,328,first
docker,327,second
gvisor,338,first
gvisor,332,second
nanos,331,first
nanos,325,second
linux,334,first
linux,333,second
osv,335,first
osv,335,second
docker,325,first
docker,324,second
gvisor,337,first
gvisor,329,second
nanos,331,first
nanos,325,second
linux,336,first
linux,328,second
osv,335,first
osv,333,second
docker,325,first
docker,325,second
gvisor,337,first
gvisor,327,second
nanos,332,first
nanos,327,second
linux,337,first
linux,328,second
osv,339,first
osv,331,second
docker,326,first
docker,324,second
gvisor,334,first
gvisor,327,second
nanos,336,first
nanos,328,second
linux,335,first
linux,333,second
osv,336,first
osv,331,second
docker,324,first
docker,322,second
gvisor,339,first
gvisor,330,second
nanos,334,first
nanos,325,second
linux,336,first
linux,331,second
osv,337,first
osv,331,second
docker,327,first
docker,324,second
gvisor,337,first
gvisor,329,second
nanos,333,first
nanos,324,second
linux,334,first
linux,327,second
osv,334,first
osv,332,second
docker,328,first
docker,326,second
gvisor,337,first
gvisor,330,second
nanos,332,first
nanos,327,second
linux,333,first
linux,331,second
osv,336,first
osv,331,second
docker,325,first
docker,325,second
gvisor,336,first
gvisor,327,second
nanos,331,first
nanos,324,second
linux,333,first
linux,330,second
osv,336,first
osv,330,second
docker,329,first
docker,330,second
gvisor,338,first
gvisor,328,second
nanos,331,first
nanos,322,second
linux,336,first
linux,331,second
osv,338,first
osv,332,second
docker,326,first
docker,324,second
gvisor,336,first
gvisor,332,second
nanos,334,first
nanos,332,second
linux,334,first
linux,329,second
osv,337,first
osv,335,second
docker,324,first
docker,322,second
gvisor,335,first
gvisor,327,second
nanos,332,first
nanos,328,second
linux,333,first
linux,331,second
osv,336,first
osv,332,second
docker,325,first
docker,322,second
gvisor,336,first
gvisor,332,second
nanos,332,first
nanos,324,second
linux,335,first
linux,329,second
osv,335,first
osv,330,second
docker,325,first
docker,324,second
gvisor,339,first
gvisor,335,second
nanos,334,first
nanos,328,second
linux,334,first
linux,329,second
osv,336,first
osv,333,second
docker,325,first
docker,323,second
gvisor,337,first
gvisor,333,second
nanos,337,first
nanos,324,second
linux,334,first
linux,327,second
osv,337,first
osv,332,second
docker,328,first
docker,327,second
gvisor,338,first
gvisor,329,second
nanos,334,first
nanos,328,second
linux,335,first
linux,328,second
osv,337,first
osv,331,second
docker,324,first
docker,325,second
gvisor,337,first
gvisor,330,second
nanos,332,first
nanos,324,second
linux,333,first
linux,330,second
osv,336,first
osv,332,second
docker,326,first
docker,324,second
gvisor,339,first
gvisor,328,second
nanos,332,first
nanos,325,second
linux,333,first
linux,330,second
osv,335,first
osv,332,second
docker,324,first
docker,322,second
gvisor,337,first
gvisor,326,second
nanos,334,first
nanos,326,second
linux,333,first
linux,331,second
osv,337,first
osv,337,second
docker,324,first
docker,323,second
gvisor,335,first
gvisor,330,second
nanos,332,first
nanos,324,second
linux,334,first
linux,329,second
osv,335,first
osv,330,second
docker,324,first
docker,323,second
gvisor,334,first
gvisor,330,second
nanos,332,first
nanos,323,second
linux,334,first
linux,329,second
osv,335,first
osv,334,second
docker,325,first
docker,326,second
gvisor,336,first
gvisor,329,second
nanos,332,first
nanos,328,second
linux,335,first
linux,328,second
osv,336,first
osv,331,second
docker,330,first
docker,328,second
gvisor,340,first
gvisor,329,second
nanos,335,first
nanos,324,second
linux,335,first
linux,330,second
osv,338,first
osv,335,second
docker,323,first
docker,331,second
gvisor,333,first
gvisor,328,second
nanos,332,first
nanos,323,second
linux,334,first
linux,328,second
osv,336,first
osv,330,second
docker,324,first
docker,324,second
gvisor,336,first
gvisor,329,second
nanos,333,first
nanos,325,second
linux,335,first
linux,332,second
osv,337,first
osv,330,second
docker,326,first
docker,325,second
gvisor,337,first
gvisor,329,second
nanos,332,first
nanos,325,second
linux,335,first
linux,329,second
osv,336,first
osv,330,second
docker,324,first
docker,324,second
gvisor,338,first
gvisor,330,second
nanos,333,first
nanos,325,second
linux,336,first
linux,329,second
osv,336,first
osv,331,second
docker,329,first
docker,326,second
gvisor,335,first
gvisor,331,second
nanos,331,first
nanos,327,second
linux,333,first
linux,331,second
osv,335,first
osv,330,second
docker,324,first
docker,324,second
gvisor,334,first
gvisor,331,second
nanos,331,first
nanos,324,second
linux,333,first
linux,328,second
osv,335,first
osv,330,second
docker,324,first
docker,324,second
gvisor,339,first
gvisor,328,second
nanos,331,first
nanos,325,second
linux,334,first
linux,329,second
osv,337,first
osv,334,second
docker,327,first
docker,324,second
gvisor,342,first
gvisor,328,second
nanos,337,first
nanos,329,second
linux,334,first
linux,328,second
osv,336,first
osv,332,second
docker,325,first
docker,324,second
gvisor,336,first
gvisor,329,second
nanos,332,first
nanos,324,second
linux,334,first
linux,329,second
osv,338,first
osv,332,second
docker,325,first
docker,327,second
gvisor,337,first
gvisor,329,second
nanos,335,first
nanos,327,second
linux,335,first
linux,328,second
osv,336,first
osv,331,second
docker,326,first
docker,325,second
gvisor,338,first
gvisor,326,second
nanos,335,first
nanos,324,second
linux,337,first
linux,328,second
osv,336,first
osv,332,second
docker,326,first
docker,322,second
gvisor,339,first
gvisor,332,second
nanos,332,first
nanos,325,second
linux,334,first
linux,327,second
osv,336,first
osv,332,second
docker,324,first
docker,324,second
gvisor,337,first
gvisor,327,second
nanos,333,first
nanos,327,second
linux,334,first
linux,329,second
osv,335,first
osv,331,second
docker,325,first
docker,324,second
gvisor,335,first
gvisor,329,second
nanos,334,first
nanos,328,second
linux,335,first
linux,330,second
osv,335,first
osv,331,second
docker,324,first
docker,325,second
gvisor,337,first
gvisor,329,second
nanos,332,first
nanos,323,second
linux,334,first
linux,329,second
osv,337,first
osv,329,second
docker,326,first
docker,325,second
gvisor,342,first
gvisor,327,second
nanos,337,first
nanos,326,second
linux,333,first
linux,328,second
osv,339,first
osv,332,second
docker,324,first
docker,324,second
gvisor,336,first
gvisor,328,second
nanos,333,first
nanos,324,second
linux,334,first
linux,331,second
osv,337,first
osv,329,second
docker,326,first
docker,329,second
gvisor,335,first
gvisor,332,second
nanos,333,first
nanos,325,second
linux,332,first
linux,329,second
osv,336,first
osv,330,second
docker,326,first
docker,323,second
gvisor,337,first
gvisor,333,second
nanos,335,first
nanos,328,second
linux,335,first
linux,328,second
osv,335,first
osv,330,second
docker,327,first
docker,323,second
gvisor,335,first
gvisor,326,second
nanos,338,first
nanos,328,second
linux,334,first
linux,328,second
osv,336,first
osv,333,second
docker,325,first
docker,322,second
gvisor,337,first
gvisor,328,second
nanos,332,first
nanos,324,second
linux,334,first
linux,327,second
osv,337,first
osv,332,second
docker,324,first
docker,322,second
gvisor,335,first
gvisor,328,second
nanos,334,first
nanos,324,second
linux,334,first
linux,330,second
osv,336,first
osv,332,second
docker,325,first
docker,324,second
gvisor,339,first
gvisor,333,second
nanos,330,first
nanos,327,second
linux,335,first
linux,329,second
osv,336,first
osv,329,second
docker,329,first
docker,327,second
gvisor,337,first
gvisor,328,second
nanos,331,first
nanos,325,second
linux,333,first
linux,329,second
osv,338,first
osv,333,second
docker,324,first
docker,323,second
gvisor,336,first
gvisor,329,second
nanos,333,first
nanos,325,second
linux,334,first
linux,329,second
osv,337,first
osv,332,second
docker,329,first
docker,327,second
gvisor,337,first
gvisor,328,second
nanos,332,first
nanos,324,second
linux,334,first
linux,330,second
osv,336,first
osv,330,second
docker,325,first
docker,323,second
gvisor,337,first
gvisor,329,second
nanos,332,first
nanos,323,second
linux,336,first
linux,329,second
osv,337,first
osv,332,second
docker,324,first
docker,323,second
gvisor,341,first
gvisor,331,second
nanos,335,first
nanos,326,second
linux,335,first
linux,329,second
osv,338,first
osv,334,second
docker,324,first
docker,322,second
gvisor,333,first
gvisor,332,second
nanos,333,first
nanos,326,second
linux,334,first
linux,332,second
osv,336,first
osv,330,second
docker,329,first
docker,322,second
gvisor,334,first
gvisor,330,second
nanos,332,first
nanos,324,second
linux,334,first
linux,328,second
osv,336,first
osv,336,second
docker,324,first
docker,330,second
gvisor,337,first
gvisor,330,second
nanos,331,first
nanos,324,second
linux,334,first
linux,330,second
osv,336,first
osv,330,second
docker,325,first
docker,326,second
gvisor,336,first
gvisor,329,second
nanos,333,first
nanos,325,second
linux,334,first
linux,329,second
osv,335,first
osv,338,second
docker,324,first
docker,323,second
gvisor,337,first
gvisor,329,second
nanos,336,first
nanos,330,second
linux,334,first
linux,328,second
osv,336,first
osv,332,second
docker,329,first
docker,324,second
gvisor,336,first
gvisor,328,second
nanos,333,first
nanos,323,second
linux,333,first
linux,329,second
osv,337,first
osv,333,second
docker,325,first
docker,326,second
gvisor,338,first
gvisor,331,second
nanos,335,first
nanos,325,second
linux,336,first
linux,328,second
osv,335,first
osv,331,second
docker,330,first
docker,322,second
gvisor,337,first
gvisor,330,second
nanos,333,first
nanos,325,second
linux,334,first
linux,328,second
osv,339,first
osv,332,second
docker,324,first
docker,325,second
gvisor,338,first
gvisor,327,second
nanos,331,first
nanos,324,second
linux,335,first
linux,327,second
osv,337,first
osv,334,second
docker,328,first
docker,324,second
gvisor,336,first
gvisor,329,second
nanos,333,first
nanos,324,second
linux,334,first
linux,335,second
osv,336,first
osv,330,second
docker,326,first
docker,325,second
gvisor,337,first
gvisor,329,second
nanos,333,first
nanos,328,second
linux,336,first
linux,328,second
osv,337,first
osv,331,second
docker,324,first
docker,323,second
gvisor,338,first
gvisor,327,second
nanos,335,first
nanos,328,second
linux,335,first
linux,330,second
osv,337,first
osv,333,second
docker,324,first
docker,322,second
gvisor,335,first
gvisor,332,second
nanos,332,first
nanos,326,second
linux,335,first
linux,328,second
osv,336,first
osv,331,second
docker,325,first
docker,325,second
gvisor,336,first
gvisor,331,second
nanos,332,first
nanos,323,second
linux,333,first
linux,335,second
osv,336,first
osv,331,second
docker,325,first
docker,324,second
gvisor,337,first
gvisor,328,second
nanos,334,first
nanos,326,second
linux,335,first
linux,328,second
osv,335,first
osv,331,second
docker,326,first
docker,324,second
gvisor,335,first
gvisor,328,second
nanos,336,first
nanos,329,second
linux,333,first
linux,328,second
osv,338,first
osv,333,second
docker,328,first
docker,325,second
gvisor,335,first
gvisor,329,second
nanos,334,first
nanos,328,second
linux,332,first
linux,328,second
osv,336,first
osv,335,second
docker,324,first
docker,323,second
gvisor,335,first
gvisor,329,second
nanos,332,first
nanos,325,second
linux,334,first
linux,329,second
osv,335,first
osv,331,second
docker,325,first
docker,324,second
gvisor,338,first
gvisor,330,second
nanos,331,first
nanos,325,second
linux,335,first
linux,329,second
osv,336,first
osv,336,second
docker,325,first
docker,323,second
gvisor,335,first
gvisor,328,second
nanos,334,first
nanos,334,second
linux,334,first
linux,329,second
osv,336,first
osv,332,second
docker,325,first
docker,323,second
gvisor,336,first
gvisor,328,second
nanos,331,first
nanos,324,second
linux,335,first
linux,329,second
osv,336,first
osv,332,second
docker,325,first
docker,322,second
gvisor,337,first
gvisor,330,second
nanos,332,first
nanos,325,second
linux,333,first
linux,329,second
osv,336,first
osv,329,second
docker,325,first
docker,324,second
gvisor,336,first
gvisor,329,second
nanos,336,first
nanos,327,second
linux,335,first
linux,329,second
osv,335,first
osv,330,second
docker,325,first
docker,324,second
gvisor,339,first
gvisor,328,second
nanos,332,first
nanos,327,second
linux,334,first
linux,330,second
osv,336,first
osv,333,second
docker,325,first
docker,322,second
gvisor,338,first
gvisor,329,second
nanos,332,first
nanos,325,second
linux,335,first
linux,329,second
osv,337,first
osv,333,second
docker,326,first
docker,323,second
gvisor,337,first
gvisor,329,second
nanos,333,first
nanos,324,second
linux,335,first
linux,330,second
osv,335,first
osv,334,second
docker,331,first
docker,328,second
gvisor,340,first
gvisor,332,second
nanos,333,first
nanos,324,second
linux,335,first
linux,329,second
osv,337,first
osv,329,second
docker,326,first
docker,325,second
gvisor,335,first
gvisor,328,second
nanos,333,first
nanos,325,second
linux,334,first
linux,333,second
osv,338,first
osv,335,second
docker,327,first
docker,327,second
gvisor,337,first
gvisor,326,second
nanos,336,first
nanos,324,second
linux,333,first
linux,329,second
osv,336,first
osv,330,second
docker,328,first
docker,327,second
gvisor,337,first
gvisor,335,second
nanos,332,first
nanos,325,second
linux,335,first
linux,333,second
osv,336,first
osv,334,second
docker,326,first
docker,323,second
gvisor,338,first
gvisor,341,second
nanos,332,first
nanos,325,second
linux,343,first
linux,331,second
osv,336,first
osv,332,second
docker,325,first
docker,323,second
gvisor,336,first
gvisor,327,second
nanos,334,first
nanos,329,second
linux,334,first
linux,326,second
osv,336,first
osv,332,second
docker,326,first
docker,327,second
gvisor,337,first
gvisor,330,second
nanos,332,first
nanos,324,second
linux,334,first
linux,329,second
osv,338,first
osv,334,second
docker,324,first
docker,322,second
gvisor,336,first
gvisor,333,second
nanos,332,first
nanos,323,second
linux,334,first
linux,332,second
osv,336,first
osv,331,second
docker,324,first
docker,323,second
gvisor,337,first
gvisor,330,second
nanos,330,first
nanos,323,second
linux,336,first
linux,331,second
osv,336,first
osv,329,second
docker,328,first
docker,326,second
gvisor,337,first
gvisor,328,second
nanos,333,first
nanos,329,second
linux,335,first
linux,328,second
osv,338,first
osv,331,second
docker,325,first
docker,324,second
gvisor,339,first
gvisor,333,second
nanos,333,first
nanos,335,second
linux,333,first
linux,329,second
osv,336,first
osv,334,second
docker,326,first
docker,325,second
gvisor,336,first
gvisor,329,second
nanos,332,first
nanos,328,second
linux,333,first
linux,331,second
osv,336,first
osv,329,second
docker,325,first
docker,325,second
gvisor,338,first
gvisor,328,second
nanos,331,first
nanos,324,second
linux,338,first
linux,329,second
osv,335,first
osv,334,second
docker,325,first
docker,324,second
gvisor,335,first
gvisor,327,second
nanos,332,first
nanos,330,second
linux,334,first
linux,328,second
osv,336,first
osv,332,second
docker,325,first
docker,324,second
gvisor,343,first
gvisor,334,second
nanos,335,first
nanos,328,second
linux,335,first
linux,328,second
osv,336,first
osv,331,second
docker,326,first
docker,324,second
gvisor,338,first
gvisor,329,second
nanos,331,first
nanos,325,second
linux,334,first
linux,330,second
osv,337,first
osv,329,second
docker,328,first
docker,330,second
gvisor,336,first
gvisor,329,second
nanos,332,first
nanos,324,second
linux,335,first
linux,329,second
osv,336,first
osv,331,second
docker,326,first
docker,326,second
gvisor,334,first
gvisor,329,second
nanos,332,first
nanos,327,second
linux,333,first
linux,329,second
osv,336,first
osv,332,second
docker,324,first
docker,324,second
gvisor,334,first
gvisor,328,second
nanos,333,first
nanos,322,second
linux,334,first
linux,330,second
osv,337,first
osv,335,second
docker,324,first
docker,323,second
gvisor,336,first
gvisor,335,second
nanos,333,first
nanos,324,second
linux,334,first
linux,330,second
osv,336,first
osv,331,second
docker,326,first
docker,323,second
gvisor,338,first
gvisor,329,second
